SKU,Item Name,Selling Price,Stock On Hand,Purchase Price,Manufacturer
CD-002,Perfume You Crack Me Up 200ml,82.35,1,70.00,VB
B0045-BD-12,Perfume Innovator tubular 35ml,21.18,1,16.00,VB
BD-4,Perfume 2i2 Party 100ml,42.35,1,36.00,VB
DS319-1,Shampoo Contra La Caida del Cabello Clasico Disaar 200ml,47.06,1,40.00,VB
LC719,Brillo Labial Dear Darling Magic,12.94,1,12.94,VB
BOCR/009,Body 3 Pzas Pink in Sweet BOCR-009,74.12,1,63.00,VB
8342,Balsamo + Exfoliante Labial,32.94,1,28.00,VB
006-003995-0,Champu Sachet Vinilady Ondas Y Cachos,37.65,1,32.00,Mayz
S17-007,Tratamiento Para Cabello Coco 800g Stay,108.00,1,72.00,Stay
S17-009,Tratamiento Para Cabello Aloe Y Keratina 800g Stay,108.00,1,71.00,Stay
S2-0658,Pinza Para Ceja Muñeca,18.82,1,16.00,Stay
S6-1234,Delineador Lapiz,10.11,1,9.00,Stay
S23-0538,Crema para Peinar Olive 300ml Stay,97.20,1,68.00,Stay
S23-1350,Crema para Peinar Y Tratamiento Aloe Vera 500ml,118.00,1,82.00,Stay
006-004049-5,Champú Vinilady 325ml Vinilady Negro Absoluto,67.06,2,67.06,Mayz
H7043,Iluminador con Glitter Huda Beauty,25.88,2,22.00,VB
7233,Lipgloss Filler Ever Beauty,18.82,2,16.00,VB
DS319-2,Shampoo Contra La Caida del Cabello Gengibre Disaar 200ml,47.06,3,40.00,VB
68960-03CN,Protector Solar 90+,35.29,3,30.00,VB
006-102884-7,Champu Vinilady 325ml Ondas,67.06,3,57.00,Mayz
006-000661-0,Champu Vinilady 325ml Liso Intenso,67.06,3,57.00,Mayz
S2-0511,Pala Y Lima De Pedicure 4 En 1,47.06,3,47.06,Stay
B0042-BM,Spray fragancia para cabello Pink in Sweet 100ml,37.65,4,32.00,VB
B0060-TF,Set de body Pink in Sweet 4pcs 20ml,65.88,5,56.00,VB
DL-313,Shampoo Tinte Negro Dr Lana,176.47,5,150.00,VB
S51-0923,Shampoo Ge Niño y Niña 1000ml,149.00,5,125.00,Stay
,"Tarjeta de Regalo AjSiles/C$2,000.00",2000.00,5,2000.00,
OLU938-35,Perfume Bad Boy 100ml,59.00,6,59.00,VB
ES4198-4,Sombra para Ojos For You 4,91.76,6,78.00,Ushas
ES4202-4,Sombra Colores Nudes para Ojos,91.76,6,78.00,Ushas
M23-27,Polvo Compacto y corrector Million Pauline Mate,52.94,6,52.94,VB
006-002852-5,Protector Solar Karite & Vitamina E Fps50 Vinilady 120g,189.00,6,248.00,Mayz
S23-001,Exfoliante Para Rostro Durazno 500ml,162.00,6,113.00,Stay
OLU938-32,Perfume Bozzs para mujer,59.00,6,59.00,VB
FP-375,Esponja Puff Sweet beauty FP-375,37.65,7,37.65,VB
006-000659-9,Champu Vinilady 325ml Vinilady Fuerza Maxima,65.00,7,65.00,Mayz
S35-001,Exfoliante Corporal Green Tea 532ml,69.00,7,69.00,Stay
S20-10AS,Esmalte Para Uña 4 Tonos Pasteles,19.10,7,17.00,Stay
S23-1165,Exfoliante Para Rostro Frutos Silvestres 500ml Stay,149.00,8,149.00,Stay
B0015-BD-23,Body Spray Pasco Pappu 250ml,75.80,9,68.25,Ushas
GJ7169,Set Skin Care Acido Kojic 5 Pcs,282.35,9,240.00,VB
S35-002,Exfoliante Corporal Aloe Vera 532ml Stay,69.00,9,69.00,Stay
B0015-BD-1,Body Spray Fly Away 250ml,75.80,9,75.80,Ushas
B0021-GE,Body Spray Pink In Sweet 250ml,75.29,10,71.40,VB
C3120,Limpiador Facial Arroz Natural Aichum Beauty Nutre La Piel 100ml,47.06,10,40.00,VB
RE-2004,Secadora De Cabello Remlngton 5000w,270.59,10,230.00,VB
BQY74930,Mascarilla Facial Hidratante de Pepino,4.71,10,4.00,VB
,"Tarjeta de Regalo AjSiles/C$1,500.00",1500.00,10,1500.00,
HS033,Espejo Gatita,84.71,11,72.00,VB
2280-47,Fijador De Maquillaje Karité Aloe Vera Control de aceite y refrescante,44.71,11,38.00,VB
S35-015,Crema depiladora de Aloe Vera,72.00,11,47.00,Stay
OLU938-20,Perfume Amour Amour para mujer 100ml,59.00,12,48.00,VB
85377-03,Fijador de polvo suelto Kiss Beauty,30.50,12,25.60,VB
F-A23,Body Victorias Fleur Love Spell Shimmer 250ml,76.47,12,65.00,VB
F-A27,Body Victorias Fleur Velvet Petals 250ml,76.47,12,65.00,VB
F-A24,Body Victorias Fleur Velvet Petals Shimmer 250ml,76.47,12,65.00,VB
F-A25,Body Victorias Fleur Love Spell 250ml,76.47,12,65.00,VB
F-A22,Body Victorias Fleur Pure Seduction Shimmer 250ml,76.47,12,65.00,VB
B0015-BD-8,Body Spray Thirll 250ml,75.80,12,68.25,Ushas
S35-1457,Crema corporal humectante Miel 444ml,68.00,12,47.00,Stay
CS406B,Kit Corrector de Ojeras Ushas B,97.65,12,83.00,Ushas
B0023-CC,Loción Corporal Pink in Sweet B0023-CC,56.47,12,48.00,Ushas
HL5566,Brillo para Labios Hold Morning HL5566,12.94,12,11.00,VB
CL812,Base de Maquillaje Scanlon CL812,47.06,12,40.00,VB
SZ-213,Brochas 6 Piezas,47.06,12,40.00,VB
006-01086,Shampoo Olive`n Body 400ml,75.00,12,59.00,Mayz
006-003015-5,Kit Champu 330ml + Acond 310g Vinilady Forca Maxima,109.00,12,102.00,Mayz
S35-0711,Exfoliante Corporal Mango Y Naranja 532ml,69.00,12,47.00,Stay
B518-1,Perfume 2i2 Red 100ml,65.88,14,56.00,VB
2368-47,Fijador De Maquillaje Kiss beauty Antioxidante & Control de grasa,56.47,14,48.00,VB
RE-2038,Secadora De Cabello Reddenton 3000w,305.88,15,260.00,VB
,"Tarjeta de Regalo AjSiles/C$1,000.00",1000.00,15,1000.00,
OLU938-53,Perfume Swis Amy para mujer 100ml,59.00,16,48.00,VB
B0060-LO,Set de body Pink in Sweet 4pcs 20ml,65.88,16,56.00,VB
S23-008,Exfoliante Para Rostro Menta 500ml,162.00,16,113.00,Stay
006-WKL52931,Crema Blanqueadora Wokali 100ml,75.00,17,69.00,Mayz
S17-005,Tratamiento Para Cabello Argan 800g Stay,108.00,18,72.00,Stay
S35-003,Exfoliante Corporal Cocoa 532ml,69.00,19,47.00,Stay
BX3535,Set De Maquillaje,105.88,20,90.00,VB
GJ7182,Locion Retinol 100g,58.82,20,50.00,VB
,Tarjeta de Regalo AjSiles/C$500.00,500.00,20,500.00,
ES4061-2,Sombra de Ojos My Life Dreams,49.41,21,42.00,Ushas
B35,Perfume Tom Ford Tuscan Leather 100ml,129.41,22,110.00,VB
S2-1276,Set para Ceja Set 3 Pzas,35.96,22,32.00,Stay
OLU909-50,Perfume Tubular Boos,21.18,23,18.00,VB
LO902,Polvo Suelto Scalon,25.88,23,22.00,VB
LS824,Balsamo para Labios Magic,17.00,24,13.18,BISUTERIA
L3455,Brillo Labial Larga duración Miss Betty,28.00,24,21.96,BISUTERIA
SL-5004,Color de labios de larga duración HedyBeauty,13.00,24,10.10,BISUTERIA
PK204,Sombra Pink Key UltraLight y rapido secado,19.00,24,16.00,VB
B0015-RL,Body Spray Corporal 250ml,79.30,24,71.40,Ushas
B0015-CJN,Body Spray Corporal 250ml,79.30,24,71.40,Ushas
B0015-HB,Body Spray Corporal 250ml,79.30,24,71.40,Ushas
56821-03,Máscara gel para ceja 3D Kiss Beauty,31.75,24,27.00,VB
LC1305,Balsamo para Labios Osito Magic,14.12,24,12.00,VB
HA070,Espuma Facial Limpiadora de Vit-C,74.12,24,63.00,Ushas
HA069,Espuma Facial Limpiadora de Rosa,74.12,24,63.00,Ushas
161-USH-14,Encrespador de Pestañas Pastel Ruby,29.41,24,25.00,Ushas
B0021-RC,Body Spray Pink in Sweet 250ml,79.30,24,71.40,VB
DS335-1,Crema Depiladora Disaar 100g 3 Minutos,41.18,24,35.00,VB
8166-01#,Sombra para Ojos Anylady Believe in yourselve,64.71,24,55.00,VB
LC929,Brillo para Labios Magic corazón love,12.94,24,11.00,VB
S2-1035,Cepillo Para Cabello Stay Osito,51.76,24,44.00,Stay
Z204,Primer Kaliya Beauty,12.94,24,11.00,VB
FP-3032,Esponja Puff,47.06,24,40.00,VB
S2-0971,Desmaquillante Facial,66.29,24,59.00,Stay
WA-033,Shampoo Y Acondicionador Wao 1380 Ml Romero,286.00,24,200.00,
WA-009,Locion Refrescante After Shave P/Hombre 8 Onzas,39.00,26,44.00,Stay
SD30878,Ampolla Facial con Acido Hialuronico 7pcs x 2ml,32.94,27,28.00,VB
F-A18,Body Victorias Fleur Forever Emotion 250ml,76.47,29,65.00,VB
006-003936-5,Champu Vinilady 325ml Vinilady Natural Relax,59.00,29,57.00,Mayz
Y-2599,Brillo Labial Huda Matte Me,18.00,30,14.05,BISUTERIA
WA-035,Shampoo Y Acondicionador Wao 1380 Ml Coco,286.00,30,200.00,Stay
B0060-IV,Set de body Pink in Sweet 4pcs 20ml,65.88,31,56.00,VB
S33-004,Jabon Para Manos Stay 413ml Mint,44.94,31,40.00,Stay
006-003994-2,Champu Sachet Vinilady Brillo Intenso,29.00,32,32.00,Mayz
S17-019,Shampoo Y Acondicionador 1000 Ml Oliva,215.00,32,150.00,Stay
006-WKL258,Gel Para Ducha 550ml Lanolin Wokali,70.00,33,63.00,Mayz
V019,Body Spray amber romance 250ml,70.59,33,60.00,VB
DS5261,Tónico Facial Hidratante Disaar 200ml,47.06,34,40.00,VB
S21-021,Pincel Para Uñas,13.48,34,12.00,Stay
6038,Tinte agua para Labios Victorias,24.00,36,18.45,BISUTERIA
B0015-BD-55,Body Spray Glisten Paris 250ml,75.80,36,68.25,Ushas
2929-03,Bálsamo Labial Aloe Kiss Beauty,10.35,36,8.80,VB
161-USH-15,Encrespador de Pestañas Ruby Lashes Mood,29.41,36,25.00,Ushas
FS292,Sellador de Maquillaje Ushas Rose,88.24,36,75.00,Ushas
LO903,Polvo suelto banana Scanlon,31.76,36,27.00,VB
S2-0759,Set de esponjas para maquillar Stay,24.72,36,22.00,Stay
8243,Mascara Para Pies,35.29,36,30.00,VB
C013,Esponjas para maquillar Kiss Lovely C013,23.53,36,20.00,VB
S17-024,Shampoo Y Acondicionador 1000 Ml Argan,215.00,36,150.00,Stay
S17-026,Shampoo Y Acondicionador 1000 ML Coco,215.00,36,150.00,
B926,Perfume I Can,85.00,36,72.00,VB
S17-025,Shampoo Y Acondicionador Cola de caballo Romero 1000ml Stay,215.00,36,145.00,
S17-020,Shampoo Y Acondicionador Aloe Vera 1000ml Stay,215.00,36,145.00,
161-014,Cosmetiquera #014,52.94,38,45.00,VB
161-009,Cosmetiquera,58.82,39,50.00,VB
ES4017B,Corrector de Ojeras en Crema 8C Golden B,68.24,42,58.00,Ushas
006-002985-8,Shampoo Anti Caspa Mentol For Men Vinilady 190ml,89.00,45,86.00,Mayz
OLU909-91,Perfume Tubular Invictus,21.18,47,18.00,VB
OLU909-113,Perfume Tubular 212 Sexy Man,21.18,47,18.00,VB
GZ8100090,"Serum Facial Arroz, Vit C, Acido Hialurónico, Aloe Vera",33.00,48,25.91,BISUTERIA
E051,Lápiz para cejas SandyBeauty,17.00,48,13.18,BISUTERIA
HS1195,Iluminador Make-up Mecow,24.00,48,20.00,VB
HA-3054,Protector Solar Kids 35+,47.06,48,40.00,Ushas
HA072,Espuma Facial Limpiadora con Aminoácidos,74.12,48,63.00,Ushas
ES3965,Blush Perla Sweet,35.29,48,30.00,Ushas
B0025-ELF,Loción Corporal Pink in Sweet 88g,29.41,48,25.00,VB
B37,Perfume Tom Ford Oud wood 100ml,129.41,48,110.00,VB
B36,Perfume Tom Ford Fabulous 100ml,129.41,48,110.00,VB
OLU909-81,Perfume Tubular Swiss Army,21.18,48,18.00,VB
YD612,Delineador Huda ABC WaterProof,14.12,48,12.00,VB
WA-218,Rubor WAO!,39.33,48,35.00,Stay
OLU938-4,Perfume For Alway,59.00,48,59.00,VB
B38,Perfume Tom Ford Fkg. fabulous 100ml,129.41,49,110.00,VB
S33-008,Jabon Para Manos Stay 413ml Apple,44.94,49,40.00,Stay
JM4010,Pestañas 3pcs,25.88,51,22.00,VB
FC647A,Iluminador My Custom,44.71,54,38.00,Ushas
COM015,Toalla desmaquillante 25pcs,18.82,55,16.00,VB
LO904,Polvo Banana Suelto Scanlon Iluminador Bronzing,11.76,57,10.00,VB
8658FF,"Paleta Sombra, Blush e Iluminador Anylady",97.00,60,76.86,BISUTERIA
SAC005-2,Removedor de maquillaje SAS,66.00,60,52.70,BISUTERIA
SAC005-1,Removedor de maquillaje SAS,66.00,60,52.70,BISUTERIA
SAC005-4,Removedor de maquillaje SAS,66.00,60,52.70,BISUTERIA
OLU938-54,Perfume Hello Man 2i2 100ml,59.00,60,48.00,VB
FS384,Sellador de Maquillaje Ushas Photo Finish,61.18,60,52.00,Ushas
ES4017A,Corrector de Ojeras en crema 8C Golden A,68.24,60,58.00,Ushas
HA082,Tonico Facial Refrescante Rose,64.71,60,55.00,Ushas
B0042-DOT,Spray fragancia para cabello Pink in Sweet 100ml,37.65,60,32.00,VB
S2-1371,Rizador de Pestaña Stay,40.45,60,36.00,Stay
9603V,Polvo Compacto + Rubor Viktorisa Sempre,37.65,60,32.00,VB
OLU938-30,Perfume Disell,59.00,60,59.00,VB
S35-0606,Talco P/Pies 24 Horas,47.19,61,42.00,Stay
WHD-A03,Serum Facial de Aloe Vera 30ml,30.59,62,26.00,VB
OLU938-21,Perfume IEAU DISSAY para hombre 100ml,59.00,63,48.00,VB
WA-034,Shampoo Y Acondicionador Wao 1380 Ml Aloe,286.00,64,200.00,Stay
S17-004,Shampoo Y Acondicionador Caja Aloe Vera Stay,128.00,66,89.00,
B0025-BV,Loción Corporal Pink in Sweet 88g,29.41,69,25.00,VB
OLU938-10,Perfume Bozzs para hombre 100ml,59.00,70,48.00,VB
ES3712-4,Sombra para Ojos True Love,44.71,71,38.00,Ushas
OLU909-2,Perfume Tubular Billion Men,21.18,71,18.00,VB
B693,Perfume Giiq,72.00,71,72.00,VB
LC643,Brillo Labial OLanney,18.00,72,14.05,BISUTERIA
A052,Delineador Note,18.00,72,14.05,BISUTERIA
8814H-69,"Sombra todo en uno, Blush, Polvo, Sombra Anylady",92.00,72,73.35,BISUTERIA
K-7775,Labial de Hadas Miss Betty,21.00,72,16.69,BISUTERIA
L3518,Brillo Labial Miss Betty,20.00,72,15.37,BISUTERIA
ES4201-4,Sombra para Ojos Ushas Love ES4201-4,35.29,72,30.00,Ushas
HA073,Espuma Facial Limpiadora de Uva,74.12,72,63.00,Ushas
ES4038,Iluminador 2 Tono Estrella,32.94,72,28.00,Ushas
FS338,Blush Corazon,76.47,72,65.00,Ushas
Y385,Labial Alejandra Show,14.12,72,12.00,Ushas
EB022A,Cera para cejas,21.18,72,18.00,Ushas
FS440,Primer Violet Hidratante,40.00,72,34.00,Ushas
LG2500,Rubor Love Pretty,20.00,72,17.00,Ushas
OLU988-1,Perfume niña science,42.35,72,36.00,VB
OLU909-171,Perfume Tubular Invictus V,21.18,72,18.00,VB
OLU909-31,Perfume Tubular Blue De Chenale,21.18,72,18.00,VB
GJ7194,Locion Acido Hialuronico 100g,52.94,72,45.00,VB
S3-011,Protector Solar 50 SPF Stay,72.00,72,50.00,Stay
OLU938-23,Perfume King of Seduction,59.00,72,59.00,VB
006-003493-2,Acondicionador Vinilady Liso Intenso,99.00,76,90.00,Mayz
B0021-LA,Body Spray 250ml Pink and Sweet B0021-LA,75.29,77,64.00,VB
C009,Esponja para maquillar 6 Piezas Kiss Lovely C009,22.35,81,19.00,VB
M22-51,Polvo Compacto Doble Million Pauline tono claro,52.94,81,45.00,VB
KQ-VC150X,Limpiador Facial 150ml Vitamina C,52.94,81,45.00,VB
S35-005,Locion Corporal Aloe Vera 532ml,78.00,81,54.00,Stay
C3142,Tonico Facial de Arroz Aichum Beauty Nutre Y Aclara 100ml,41.18,83,35.00,VB
GJ7192,Tonico Facial de Acido Hialuronico 150ml GuanJing,52.94,83,45.00,VB
8814F-32,"Sombra todo en uno, Blush, Polvo, Crema para labios Anylady",92.00,84,73.35,BISUTERIA
994-02#,Sombra Anylady 15 tonos #2,47.06,84,40.00,VB
994-01#,Sombra Anylady 15 tonos #1,47.06,84,40.00,VB
S11-1066,Formador Barba Stay,20.22,84,18.00,Stay
B853,Perfume Boos The Scent Brown 100ml,89.00,86,75.00,VB
YMX-1123,Crema Facial de Acido Hialurinico 50g,47.06,88,40.00,VB
S17-1121,Shampoo 1000ml Coconut,95.00,88,84.00,Stay
GJ7181,Limpiador Facial Retinol 100g,49.41,89,42.00,VB
5090A,Labial Matte 26H-A,9.41,90,8.00,Ushas
B9,Perfume Aventus Creed 100ml,141.18,90,120.00,VB
S17-022,Shampoo Y Acondicionador Caja Keratina,128.00,90,89.00,
S17-002,Shampoo Y Acondicionador Caja Romero Stay,128.00,90,89.00,
S40-1150,Agua Micelar Desmaquillante Stay,73.00,92,62.00,Stay
GJ7193,Serum Facial de Acido Hialuronico 40ml,37.65,95,32.00,VB
H96041,Serum Facial Vitamina C 30ml,29.41,95,25.00,VB
S32-1160,Toallas Húmeda 100 Hojas Antibacterial,56.18,95,50.00,Stay
5786,Lápiz Labial Mate Golden Rose,20.00,96,15.81,BISUTERIA
9219,Labios mas carnosos Chanlanya,21.00,96,16.69,BISUTERIA
8658FI,"Sombra Blush, Vanidad y Labial Anylady",97.00,96,76.86,BISUTERIA
8658FD,"Sombra Wild Sombra, Iluminador, Blush Anylady",97.00,96,76.86,BISUTERIA
E038,Delineador Pestañas y Cejas 36hrs SandyBeauty,17.00,96,13.18,BISUTERIA
FS346B,Base Maquillaje Febble Pure Cover,105.88,96,90.00,Ushas
ES4047,Rubor Sweet Mojito,25.88,96,22.00,Ushas
FS442B,Corrector de Ojeras Full Cover Ushas B,47.06,96,40.00,Ushas
FS445B,Base Maquillaje 16H Con Aplicador Ushas,100.00,96,85.00,Ushas
ES4170-4,Sombra para Ojos Love More 4,37.65,96,32.00,Ushas
ES4168,Polvo Suelto Perfect,37.65,96,32.00,Ushas
DS335-2,Crema Depiladora Disaar 100g 5 Minutos,41.18,96,35.00,VB
M0045,Polvo Compacto Doble Million Pauline 24hr,52.94,96,45.00,VB
974,Sombra AnyLady Dream Big,47.06,96,40.00,VB
OLU909-6,Perfume Tubular Vercage,21.18,96,18.00,VB
BX3612,Set De Limpieza Facial,76.47,101,65.00,VB
JM-603,Pestañas 1pcs Nooralazawi hechas a mano 5D,11.76,104,10.00,VB
S17-023,Shampoo Y Acondicionador Caja Argan,128.00,104,89.00,Stay
WKL328,Protector Solar Wokali 90 Spf,62.00,108,48.31,BISUTERIA
ES4194,Sombra para Ojos Show Time,42.35,108,36.00,Ushas
N-8636P,Sombra de ojos Anylady Super Girl,94.12,108,80.00,VB
8658FC,"Sombra para Ojos Sombra, Iluminador, Blush Anylady",97.00,108,76.86,BISUTERIA
SD31943,Ampolla Facial 24K Gold 7pcs x 2ml,32.94,113,28.00,VB
WA-049,Crema Para Peinar 250ml Coco Wao,85.00,113,66.00,Stay
006-WKL176,Gel Para Ducha 550ml Bamboo Wokali,70.00,116,63.00,Mayz
OLU938-1,Perfume Legend para hombre 100ml,59.00,119,48.00,VB
WA-050,Crema Para Peinar 250ml Aloe Wao!,85.00,119,66.00,Stay
CM-072,Mascara hidratante para pechos Chovemoar,9.00,120,7.03,BISUTERIA
GZ8100088,Serum Facial de Arroz 30ml,33.00,120,25.91,BISUTERIA
CX6215,Primer Fit me Comfor Beauty,17.00,120,13.18,BISUTERIA
628F,"Paleta Sombra, Blush, Iluminador, Glitter Tutu Time",94.00,120,74.66,BISUTERIA
ES007,"Paleta Sombra, Blush y Iluminador Moly Coco",72.00,120,57.10,BISUTERIA
MS1117B,"Sombra Iluminador, sombra y blush Mels",75.00,120,59.29,BISUTERIA
GZ8100130,Serum Facial de Colageno Mlundo,33.00,120,25.91,BISUTERIA
GZ8100089,Serum Facial Aloe Vera Mlundo,33.00,120,25.91,BISUTERIA
9218,Labios mas carnosos Chanlanya,21.00,120,16.69,BISUTERIA
WKL327,Protector Solar Wokali,62.00,120,48.31,BISUTERIA
WKL329,Protector Solar Wokali 90 spf,62.00,120,48.31,BISUTERIA
DR-E018,Corrector Piel Impecable 24hrs Dawang Rose,36.00,120,28.55,BISUTERIA
GZ8060165,Corrector 6 tonos Mlundo,27.00,120,21.08,BISUTERIA
CX7530,Primer Comfor Beauty,17.00,120,13.18,BISUTERIA
CE482,Sombra Glamor + Glitter,47.50,120,40.00,VB
HA273,Serum Facial Gotero Acido Hyaluronico,94.12,120,80.00,Ushas
ES4163-4,Sombra para Ojos Floral 5C 4,23.53,120,20.00,Ushas
ES4163-2,Sombra para Ojos Floral 5C 2,23.53,120,20.00,Ushas
LG2532,Brillo Labial Boom,17.65,120,15.00,Ushas
LG2525F,Brillo Labial Tinta Juicy,27.06,120,23.00,Ushas
LP2282B,Labial Matte Dorado,22.35,120,19.00,Ushas
AC3141,Contorno De Ojos Hidratante Y Aclarante De Arroz Aichun Beauty 25ml,32.94,120,28.00,VB
WA-221,Mascara de Pestaña Azul WAO! 24H,29.00,120,35.00,Stay
S2-0796,Esponja Facial Makeup Puff,25.84,120,23.00,Stay
S6-1362,Delineador 5D Waterprof,43.82,120,39.00,Stay
B721-3,Perfume Invictus Negro,109.00,120,90.00,VB
B721,Perfume Invictus Gris,109.00,120,99.00,VB
B721-4,Perfume Invictus Blue 100ml,109.00,122,90.00,VB
RKQ-DM30,Serum Facial de Arroz Erha21 30ml,29.41,123,25.00,VB
B721-2,Perfume Invictus Aqua 100ml,109.00,124,90.00,VB
GJ7186,Contorno De Ojos Retinol 30g,52.94,128,45.00,VB
046-U325127,Parches de Gel Para Ojos Carbón Beauty Formula 6UND,78.82,128,67.00,Mayz
68532-47A,Protector Solar Karité 60ml SPF90,37.65,129,32.00,VB
2075,Base Beauty City BB cream,61.18,131,52.00,VB
S29-1193,Esponja Facial Stay 6 piezas,32.58,131,29.00,Stay
FS346A,Base Maquillaje Febble Pure Cover,105.88,132,90.00,Ushas
ES4201-2,Sombra para Ojos Ushas Love ES4201 2,35.29,132,30.00,Ushas
FC611A,Iluminador Febble FC611A,70.59,132,60.00,Ushas
HA277,Serum Facial Gotero Rugosa Rose,94.12,132,80.00,Ushas
ES4195-4,Sombra para Ojos Show Time 4,70.59,132,60.00,Ushas
S29-001,Brocha Para Maquillaje Set 7 Pzas Stay,58.82,132,50.00,Stay
WA-048,Crema Para Peinar 250ml Romero Wao!,85.00,137,66.00,Stay
E2231,Mascara Delineador Volumen Rizado,21.00,140,16.69,BISUTERIA
DS5195,Protector Solar Disaar Anti-ultravioleta SPF50 50ml,28.24,141,24.00,VB
SD31936,Ampolla Facial con Vitamina C 7pcs x 2ml,32.94,141,28.00,VB
OLU909-112,Perfume Tubular Mome Blang,21.18,141,18.00,VB
18-313,Esponja Para Cocina 5pcs 18-313,15.73,142,14.00,Stay
KQ-VE100,Serum Facial de Vitamina E 100ml,47.06,142,40.00,VB
Y978,Sombra y Delineador Romantiic,22.00,144,17.57,BISUTERIA
EL661,Delineador de Ojos Colorfull Pasteles,18.82,144,16.00,Ushas
ES3884-4,Sombra de Ojos Good Vibes,47.06,144,40.00,Ushas
ES3922-2,Sombra de Ojos Matcha Love,37.65,144,32.00,Ushas
ES4015-2,Sombra de Ojos Golden Stylist-2,80.00,144,68.00,Ushas
FS195,Spray Liquido Corporal Shimmer,76.47,144,65.00,Ushas
5090B,Labial Matte 26H B,9.41,144,8.00,Ushas
FS442A,Corrector de Ojeras Full Cover Ushas A,47.06,144,40.00,Ushas
HA276,"Serum Facial con Gotero, Aloe Vera",94.12,144,80.00,Ushas
HA274,"Serum Facial Gotero, Collagen",94.12,144,80.00,Ushas
ES4195-2,Sombra para Ojos Show Time 2,70.59,144,60.00,Ushas
56853-47,Mascara pestaña Karite 56853-47,25.88,144,22.00,VB
WA-012,Rasuradora 3 Hojillas Wao azul!,44.94,144,40.00,Stay
S16-002,Base con Vitamina E y SPF 30+,43.82,144,39.00,Stay
JM-599,Pestañas 1 pcs Nooralazawi hechas a mano 3D,11.76,146,10.00,VB
S2-0063,Pala Para Pedicure Plastica,22.35,149,19.00,Stay
161-015,Cosmetiquera #015,52.94,155,45.00,VB
ES4026,"Glitter En Gel para Ojos, Labios y Rostro Febble",14.12,156,12.00,Ushas
68555-03,Primer Beauty Plump Prime,56.47,156,48.00,VB
S2-0581,Limpia Cutícula Stay,20.00,156,15.00,Stay
953,Blush 4 colores Anylady,41.20,160,35.00,VB
161-008,Rizador De Pestaña Princess Art,25.88,160,22.00,VB
S6-1130,Delineador Liquido azul Stay,29.00,165,31.00,Stay
Y-801,Brillo Labial,14.12,165,12.00,VB
S23-1346,Crema Para Peinar Y Tratamiento Coco 500ml Stay,118.00,165,82.00,Stay
LC991,Brillo Para Labios 24h,12.94,167,11.00,VB
H96040,Serum Facial Aloe Vera 30ml,29.41,167,25.00,VB
K3324,Labial Matte 24 hrs Miss Betty,22.00,168,17.57,BISUTERIA
S37-002,Tijera Stay,28.24,168,24.00,Stay
FS329,Corrector de Ojeras Full Cover All Ushas,32.94,168,28.00,Ushas
LG2419B,Brillo Labial Music Star Matte,23.53,168,20.00,Ushas
FS358,Primer Para Sombra Ushas,18.82,168,16.00,Ushas
ES4012,Blush 2 Tono Matte,23.53,168,20.00,Ushas
FS417B,Base Maquillaje Ushas Rose B,45.88,168,39.00,Ushas
M23-157,Mascara De Pestañas Million Pauline Sube El Volumen,18.82,168,16.00,VB
MB-023,Lapiz para cejas,21.00,168,18.00,VB
GJ7028,Contorno De Ojos 20ml,47.06,168,40.00,VB
HCC323,Corrector Y Contorno,25.88,168,22.00,VB
046-U423020,Limpiador Facial Vit C Beauty Formula 150ml,81.18,168,69.00,Mayz
S37-0884,Pala para Pedicure Madera Stay,23.60,169,21.00,Stay
006-132581,Espuma para Afeitar Janti 200ml Sensitive,40.00,177,34.00,Mayz
GJ7191,Limpiador Facial Acido Hialuronico 100g,47.06,177,40.00,VB
8842E,Corrector Mate Ever Beauty 8842E,21.18,179,18.00,VB
KQ-DM100,Serum Facial de Arroz 100ml,47.06,179,40.00,VB
S35-1447,Crema depiladora 150g Stay 3 en 1,68.00,180,47.00,Stay
F007A,Primer CHANLANYA glitter,37.65,180,32.00,VB
56964-47,Mascara Para Pestañas Transparente,25.88,180,22.00,VB
RX150X,Limpiador Facial 150ml Multi proposito,52.94,181,45.00,VB
WA-046,"Mascara Wao! Delineador, Mascara y Lapiz de ceja",69.00,188,58.00,Stay
CX2186,Lápiz Labial Comfor Beauty,20.00,192,15.81,BISUTERIA
CX2171,Lápiz Labial Comfor Beauty,20.00,192,15.81,BISUTERIA
CX2059,Lápiz Labial 24 hrs,20.00,192,15.81,BISUTERIA
OTS068,Paleta Blush Overture,58.00,192,46.12,BISUTERIA
5389,Labial Matte Chanlanya,18.00,192,14.05,BISUTERIA
FS343,Sellador Para Cejas Ushas,21.18,192,18.00,Ushas
MA1072,Máscara de Pestañas Love Febble,31.76,192,27.00,Ushas
ES4024,Blush Flower Ushas,23.53,192,20.00,Ushas
MA1075,Máscara De Pestaña Ushas Transparente,21.18,192,18.00,Ushas
LG2400,Brillo Labial Shine On,21.18,192,18.00,Ushas
LG2513,Brillo Labial Ice Drink,21.18,192,18.00,Ushas
LP2291,Balsamo Para Labios Ushas That Well,18.82,192,16.00,Ushas
LC1218,Aceite Labial Magic LC1218,12.94,192,11.00,VB
M0010,Base Million Pauline Esencia de caracol SPF 25+,44.71,192,38.00,VB
S6-1140A,Iluminador y bronceador Stay,37.08,192,33.00,Stay
S6-1364,Corrector de color Stay,57.30,192,51.00,Stay
JM-570,Pestañas 1pcs Nooralazawi Nudes 3D,11.76,196,10.00,VB
WA-146,Mascara Wao 3 en 1,69.00,200,63.11,Stay
F007B,Primer CHANLANYA transparente,37.65,204,32.00,VB
161-003,Toallas Humedas 25pcs,16.47,205,14.00,VB
SE812,Sombra para ojos y contorno Scanlon,32.94,207,28.00,VB
OLU938-5,Perfume 2i2 VIP Men,59.00,210,48.00,VB
006-132574,Espuma P/Afeitar Janti 200ml regular,40.00,212,34.00,Mayz
M2227,Mascara a prueba de agua 4D Romantiic,22.00,216,17.13,BISUTERIA
OTX056,Corrector 6 colores Overture,42.00,216,32.94,BISUTERIA
LP2294,Labial en Barra Beauty Kiss,21.18,216,18.00,Ushas
LG2367,Brillo de labios Maximizer,21.18,216,18.00,Ushas
ES4030-4,Sombra de Ojos 9C Pink 4 Ushas,37.65,216,32.00,Ushas
LG2416,Brillo Labial Ushas Aloe,18.82,216,16.00,Ushas
MA1087,Mascara De Pestañas,27.06,216,23.00,Ushas
EB026-MIX,Lapiz + Fijador De Ceja,35.29,216,30.00,Ushas
MA1073,Mascara para cejas 3D Ushas,25.88,216,22.00,Ushas
LC1207,Brillo Para Labios Mate Magic Be sweet,12.94,216,11.00,VB
LC1227,Brillo Para Labios Mate Magic color perfecto,12.94,216,11.00,VB
WA-047,Sombra para ojos Wao!,40.45,216,36.00,Stay
457,Base Liquida Acabado Radiante Y Humectante Top Face,12.94,216,11.00,VB
LC911,Bálsamo Para Labios Magic corazón doble,13.00,216,11.00,VB
AC3219,"Set 3 piezas SkinCare Colageno, Vit C, Acido Hialuronico 30ml Aichun",94.12,218,80.00,VB
JS-1228,Pegamento para Pestañas,8.24,218,7.00,VB
OLU938-57,Perfume Invictus V,59.00,222,59.00,VB
S23-009,Exfoliante Para Rostro Avena Y Miel 500ml Stay,149.00,223,113.00,Stay
006-485514,Crema corporal Miya 12oz Avena,45.00,223,42.00,Mayz
ES6107,Sombra Favor Beauty Kitty,52.94,226,45.00,VB
56839-03,Gel Para Cejas Invisible,23.53,227,20.00,VB
S40-1021,Mascarilla Hidroplastica Facial de Pepino Stay,59.00,228,57.00,Stay
S35-1151,Exfoliante Facial Frutos Silvestres. 6 Oz 170g,66.00,230,46.00,Stay
S2-0737,Cepillo peinilla para Cabello Stay,25.88,233,22.00,Stay
B949-1,Perfume Oud Wood para hombre 100ml,88.24,234,75.00,VB
LC05,Brillo Labial 99% Aloe Magic,14.12,237,12.00,VB
R182/R187,Balsamo para labios Paleta Romantic,11.76,237,10.00,Ushas
OTS018,"Paleta Sombra, Contorno y Blush Overture",52.00,239,41.28,BISUTERIA
FC616B,Polvo Compacto Ushas-B,35.29,240,30.00,Ushas
HB5224,Brillo Labial Hold Morning Cute Hello Lovely,12.94,240,11.00,VB
S6-1363,Mascara Stay ultra volumen,34.83,240,31.00,Stay
M0195,Primer Million Pauline,40.00,240,34.00,VB
A163,Delineador doble a prueba de Agua,24.00,240,18.45,BISUTERIA
KQ-BNS100,Serum Facial de Acido Hialuronico 100ml,47.06,250,40.00,VB
SB802,Rubor Scalon,70.59,251,60.00,VB
23526,Mascara Pestañas y Cejas KIKO,14.12,264,12.00,VB
JH8010,Mascara Pestañas Essence,14.12,264,12.00,VB
FS411B,Base Liquida Premium,51.76,264,44.00,Ushas
LP2288B,Lápiz Labial Kiss-B,21.18,264,18.00,Ushas
LP2290,Balsamo Para Labios Ushas Aloe Vera,20.00,264,17.00,Ushas
LG2504B,Labial Matte Ushas,30.59,264,26.00,Ushas
LG2218,Brillo Labial Natural Mix,23.53,264,20.00,Ushas
LC1141,Tinte Para Labios Ice Cream,14.12,264,12.00,VB
WA-174,Polvo Compacto WAO!,37.00,264,32.00,Stay
S2-0866,Encrespadora de Pestaña Stay,29.41,273,25.00,Stay
FS370,Iluminador Corporal Cristal,37.65,276,32.00,Ushas
S2-0925,Lima Para Pedicure Azucar,28.09,276,25.00,Stay
006-485515,Crema corporal Aloe Miya 12 Oz,45.00,278,42.00,Mayz
LG2519A,Labial Matte Ushas,21.18,284,18.00,Ushas
BX-414,Kit para Uñas 4 Pzs,31.76,287,27.00,VB
LG2471B,Brillo Labial Luxurious Ushas B,24.71,288,21.00,Ushas
LG2471A,Brillo Labial Luxurious Ushas A,24.71,288,21.00,Ushas
LG2522,Labial Beauty Kiss,25.88,288,22.00,Ushas
LP2288A,Lápiz Labial Kiss A,21.18,288,18.00,Ushas
ES3931,Blush 2 Tono Cheeks Painting,23.53,288,20.00,Ushas
161-334,Máscara de Pestañas Big Shot,14.12,288,12.00,Ushas
2377-47A,Limpiador Facial Karité 150ml Aloe,70.59,288,60.00,VB
ST3351,Base Pro BB Cream Anthaway,12.94,288,11.00,VB
G3134,Balsamo Labial Arándano Orof,11.76,292,10.00,VB
ES3717,Blush 2 Tonos,29.41,300,25.00,Ushas
ES3723,Blush Fard Ushas,29.41,300,25.00,Ushas
SZ-256,Brocha para maquillar 5 Pzas,29.41,307,25.00,VB
S2-0361,Esponja Facial Exfoliante Stay,23.60,311,21.00,Stay
35006,Lapiz labial Matte Beauty Model,12.94,312,11.00,VB
5360,Lápiz Labial CHANLANYA Matte 5360,14.12,312,12.00,VB
S6-1140B,Sombra 2 En 1 Stay,37.08,312,33.00,Stay
006-FM08890,Crema para Pies Fasmc 100ml,39.00,313,37.00,Mayz
SE872,Sombra Scanlon 35 tonos,82.35,328,70.00,VB
TP353,Lapiz con Cepillo para Cejas,18.82,336,16.00,Ushas
CL814,Corrector Scanlon Alta Cobertura,15.29,336,13.00,VB
30640,Esponja De Silicona Delicate,17.65,336,15.00,Mayz
LC1220,Aceite Labial Magic LC1220,12.94,336,11.00,VB
S36-001,Puntero Pincel De Uñas 5 Pcs,44.94,336,40.00,Stay
S2-0066,Pala Para pies Metalica Stay,20.00,341,17.00,Stay
S2-0868,Pinza Depiladora para Ceja Stay,19.00,342,16.00,Stay
2377-47B,Limpiador Facial Karité 150ml Rosas,70.59,348,60.00,VB
M0281,Base Velvet Touch SPF+ 10 Million Pauline,41.18,348,35.00,VB
LC1182,Aceite Labial + Tinte Para Labios,21.18,353,18.00,VB
2377-47C,Limpiador Facial Karité 150ml Vitamin E,70.59,359,60.00,VB
DS51994,Contorno De Ojos 25ml,41.18,360,35.00,VB
ST3311,Corrector Vitality Anthaway,13.00,360,13.00,VB
006-004092-4,Crema Peinar Vinilady Reparación Total 290,67.06,365,57.00,Mayz
WA-223,Afeitadora 3 Hojillas morada,37.65,371,32.00,Stay
C008,Esponja para maquillar 6 Piezas Kiss Lovely C008,22.35,384,19.00,VB
CL822,Corrector Liquido Scanlon CL822,16.47,384,14.00,VB
68603-47,Corrector Super BB,21.18,384,18.00,VB
21261VS-C,Rubor 2 en 1 Sombra y Rubor,14.12,384,12.00,VB
8158,Sombra AnyLady,44.71,401,38.00,VB
LC1310,Mascara para pestañas y cejas en gel con Acido Hialuronico Magic,12.94,405,11.00,VB
161-065,Primer para rostro Kaliya Beauty Vitamina C,12.94,405,11.00,VB
JM-544,Pestañas Postizas 8mm,23.53,408,20.00,VB
S2-0771,Lima Para Pedicure Stay,12.00,409,10.00,Stay
G3136,Balsamo Labial Fresas 24h Orof,11.76,418,10.00,VB
046-U401240,Tónico Facial Vit C Beauty Formula 150ml,81.18,423,69.00,Mayz
LC1204,Aceite Labial Magic LC1204,12.94,424,11.00,VB
SZ-997,Brochas para maquillar 7 Pcs,94.12,424,80.00,VB
006-003830-0,Crema Peinar Vinilady Aguacate (Super Boom) 300ml,67.06,428,57.00,Mayz
M0273,Mascara de Pestañas 7D Million Pauline,24.71,428,21.00,VB
S18-001,Mascarilla Facial De Aloe Vera Stay,20.00,431,17.00,Stay
56939-03HA,Gel de cejas con Ácido Hialurónico,21.18,432,18.00,VB
S7-001,Mascara Stay transparente en gel,32.58,432,29.00,Stay
ST3362,Base para maquillaje Super Stay,12.94,432,11.00,VB
ST009,Primer L.A Girl Alta definición,12.94,432,11.00,VB
LC1147,Aceite Labial + Tinte Para Labios,25.88,432,22.00,VB
ST3342,Base Liviana Natural Mate ANTAWAY,12.94,432,11.00,VB
PK145,Corrector Liquido Pink Key,23.53,432,20.00,VB
S18-002,Mascarilla Facial De Pepino Stay,20.00,438,17.00,Stay
EL650,Delineador de Ojos Dorado Miss Ushas,21.18,444,18.00,Ushas
S35-023,Limpiador Facial Verde 200ml,63.00,455,44.00,Stay
ST3361,"Base Liquida 36h 3 in 1 Base, Primer y Corrector Anthaway",12.94,456,11.00,VB
Y3014,Primer Kaliya Beauty Vitamina C,12.94,456,11.00,VB
8844E,Corrector Mate Ever Beauty 8844E,21.18,467,18.00,VB
S35-0939,Limpiador Facial Rosado 200ml,63.00,471,44.00,Stay
006-128713,Espuma P/Afeitar Majix 200ml Cool,49.41,473,42.00,Mayz
161-Bigpuff,Insecticida Big Puff,135.00,480,115.00,AjSiles
LP2300,Balsamo para Labios Ushas,15.29,480,13.00,Ushas
ST3352,Base Liquida 36h Vitamina C Fit me! Anthaway,12.94,480,11.00,VB
455,Base Liquida Skinwera Efecto Mate Larga Duracion Top Face,12.94,480,11.00,VB
RKQ-2609,Serum Facial de Colágeno Erha21 30ml,29.41,495,25.00,VB
J827,Primer Mattefyng Suncreeen,12.94,504,11.00,VB
ST3804,Corrector Alta Cobertura,15.29,504,13.00,VB
S2-0618,Brocha De Barbero,54.12,520,46.00,Stay
HL5570,Brillo Labial Hold Morning Cute Candy,12.94,528,11.00,VB
HL5559,Brillo Labial Hold Morning HL5569,12.94,528,11.00,VB
N220,Base Liquida Detoxificar Y Proteger Note,12.94,528,11.00,VB
9301N-B,Polvo compacto Note Worthy Natural nude,28.24,528,24.00,VB
2950-47ABCDEF,Bálsamo Labial de Karité,11.76,528,10.00,VB
161-0462,Base Alta Cobertura Reducción De Poros,21.18,528,18.00,VB
ST3343,Base Anthaway Multiefecto,12.94,552,11.00,VB
S2-0061,Lima Para Uña Stay,11.24,558,10.00,Stay
G3137,Balsamo Labial Sandia 24h Orof,11.76,559,10.00,VB
ES6016,Sombra Favor Beauty Beach,52.94,559,45.00,VB
006-M1648,Mascarilla Hidroplastica Facial Tea Tree 120g,49.00,561,44.00,Mayz
S8-1005,Mascara de Pestaña Stay 2 En 1,41.57,575,37.00,Stay
TP343,Lapiz para cejas 3-1 Ushas,31.76,576,27.00,Ushas
KQ-6201,Serum Facial Vitamina C Erha21 30ml,29.41,585,25.00,VB
ST3350,Base Liquida 36h Hidratante Anthaway,12.94,600,11.00,VB
G3135,Balsamo Labial Limon Orof,11.76,605,10.00,VB
BX-330,Esponja para maquillar 3pcs Kiss Lovely,14.12,612,12.00,VB
S20-05AS,Esmalte Para Uña 12 Colores,19.10,612,17.00,Stay
5323,Lápiz Labial Huda Beauty Matte 5323,14.12,617,12.00,VB
2056,Primer 24k Rose Silver Kaliya Beauty,12.94,624,11.00,VB
LC1197,Aceite Labial Magic LC1197,12.94,624,11.00,VB
BX3600,Pegamento Para Uñas,10.59,624,9.00,VB
878,Sombra AnyLady,28.24,624,24.00,VB
S26-004,Navaja De Belleza 2 En 1,22.47,636,20.00,Stay
6001,Protector Solar,32.94,645,28.00,VB
006-485516,Crema Miya Corporal Cocoa 12oz,45.00,645,42.00,Mayz
WA-007,Exfoliante Facial Wao 250ml,66.00,663,46.00,Stay
35008-1,Lapiz Labial Mate Beauty Model Matte 35008-1,12.94,666,11.00,VB
1808W,Brocha Individual Shadow Brush,14.12,666,12.00,VB
1721N-B,Polvo Compacto Note Worthy 1721N-B,28.24,672,24.00,VB
B7031,Lapiz Labial Mate Beauty Model 24hr,12.94,672,11.00,VB
J826,Primer Cubreporos,12.94,672,11.00,VB
7166E,Labial Ever Beauty,23.53,672,20.00,VB
006-X2096,Removedor Corporal de Manchas Naranja XQM 100ml,39.00,682,42.00,Mayz
CS043,Esponja para maquillar 6pcs Envase Plastico,18.82,683,16.00,VB
HS1023,Cera laminada para cejas Mecow,15.50,693,12.80,VB
046-U218570,Mascarilla Charcoal Beauty Formulas 100ml,65.00,693,59.00,Mayz
2118N-A,Polvo compacto Note Worthy Glitter Story,28.24,695,24.00,VB
8138,Sombra AnyLady Little,35.29,695,30.00,VB
LC1157,Brillo Labial Mariposita Magic,12.94,696,11.00,VB
N221,Primer Top Face Rellena & Refresca,12.94,696,11.00,VB
8843E,Corrector Mate Ever Beauty 8843E,21.18,696,18.00,VB
9815V,Polvo Compacto 2 en 1 Viktorisa Sempre,28.24,696,24.00,VB
006-X2097,Removedor Corporal Manchas Coconut XQM 100ml,39.00,707,42.00,Mayz
H64026 C,Base Huda Beauty Fauxlens,44.71,708,38.00,VB
MB-022,Lápiz Delineador Negro,14.12,718,12.00,VB
460,Primer Top Face Para Pieles Secas Rellena & Refresca,12.94,720,11.00,VB
JM-4119,Pestañas 2pcs 3D,17.65,720,15.00,VB
M2602,Corrector Antiojeras 24h,15.29,720,13.00,VB
LS115,Balsamo Para Labios Magic Taza gatito,14.12,744,12.00,VB
VS1712,Polvo Compacto y Bronceador Viktorisa Sempre,37.65,744,32.00,VB
ST3313,Corrector Natural Anthaway,12.94,748,11.00,VB
006-M1647,Mascarilla Hidroplastica Facial de Olivo Skin White 120g,49.00,756,44.00,Mayz
046-U401232,Crema Facial Hidratante de Dia Vit C Beauty Formulas 100ml,78.82,756,67.00,Mayz
BX-3503,Perfiladora De Ceja,16.47,764,14.00,VB
35010,Lápiz Labial Mate Beauty Model Matte 35010,12.94,768,11.00,VB
FP3137,Esponja para maquillar Sweet Beauty,18.82,788,16.00,VB
9301VS,Rubor Victorisa Sempre,28.24,815,24.00,VB
A-3496,Polvo Compacto Mayeiline A-3496,35.29,828,30.00,VB
VS8861,Polvo Compacto Viktorisa Sempre,25.88,835,22.00,VB
A-3495,Polvo Compacto Mayeiline A-3495,35.29,839,30.00,VB
8294,Mascara de Pestañas 24H Sky High,18.82,839,16.00,VB
LS112,Balsamo Para Labios Magic paleta espiral,12.94,840,11.00,VB
9206N,Polvo Compacto Note Flash Touch 9206N,21.18,840,18.00,VB
F002,Base Loreal Paris Revital Fit,35.29,861,30.00,VB
ST3366,Corrector Mate,12.94,912,11.00,VB
EB7060,Lápiz Para Cejas,11.76,912,10.00,VB
BX-842,Encrespadora de Pestaña,21.18,920,18.00,VB
2188VS,Polvo Suelto Viktorisa Sempre,29.41,948,25.00,VB
5338,Lápiz Labial CHANLANYA Matte 5338,14.12,960,12.00,VB
123,Bálsamo Para Labios Cute Fruit,12.94,960,11.00,VB
7152E,Lapiz Labial Mate,21.18,975,18.00,VB
35002-1,Lapiz Labial Mate Beauty Model Matte 35002-1,12.94,978,11.00,VB
H64070 C,Base Huda Beauty Matte FPS 50+ todo tipo de pieles,49.41,996,42.00,VB
S18-003,Mascarilla Facial De Aguacate Stay,20.00,999,17.00,Stay
9206N-L9,Polvo compacto Note Worthy Flash touch 9206N-L9,27.06,1008,23.00,VB
M23-48,Mascara de Pestañas Sky High,27.06,1032,23.00,VB
M610,Mascara Para Pestañas,15.29,1056,13.00,VB
H98142-A,Lápiz Labial Huda Mate,14.12,1073,12.00,VB
BX3626,Piedra Jade,32.94,1080,28.00,VB
LC1164,Aceite Labial Magic LC1164,12.94,1144,11.00,VB
HCC331,Corrector Huda Beauty Borrador instantáneo multi-uso,32.94,1152,28.00,VB
161-095,Primer para rostro Kaliya Beauty Alta adherencia,12.94,1152,11.00,VB
COM024,Toalla desinfectante 75% alcohol 10pcs,13.50,1193,12.00,VB
5513,Lápiz Labial CHANLANYA Matte 5513,14.12,1200,12.00,VB
F001,Base All Hours YvestSaintLaurent,41.18,1240,35.00,VB
161-3024,Primer para rostro Kaliya Beauty Acabado húmedo definitivo,12.94,1248,11.00,VB
ST3312,Corrector Anthaway Alta definición,11.76,1248,10.00,VB
L014,Primer Fit me! Alta duracion Love is beauty 24hr,35.29,1253,30.00,VB
M23-36,Mascara Million Pauline Refresca y revive,28.24,1255,24.00,VB
M22-81,Mascara Million Pauline Ma XXL,28.24,1260,24.00,VB
B51,Primer Mac Skin Base Visage,35.29,1332,30.00,VB
161-3020,Primer para rostro Kaliya Beauty Aloe 16H,12.94,1335,11.00,VB
LC1201,Aceite Labial Magic LC1201,12.94,1360,11.00,VB
161-TRVD500M,Tratamiento VIDA 500ml Menta,129.00,1362,129.00,
161-TRVD500ARG,Tratamiento VIDA 500ml Argan,129.00,1362,129.00,
36380-47,Labial Matte Karité,17.65,1368,15.00,VB
161-TRVD500GR,Tratamiento VIDA 500ml Ginger,129.00,1368,129.00,
161-TRVD500KT,Tratamiento VIDA 500ml Keratina,129.00,1368,129.00,
DE8035,Parches Para Ojos,5.88,1428,5.00,VB
LC1230,Balsamo Para Labios Magic LC1230,12.94,1500,11.00,VB
161-SHVD1LTGR,Shampoo & Acondicionador Vida 1000ml Ginger,279.00,1506,279.00,
DE8036,Parches Para Labios,5.88,1508,5.00,VB
161-SHVD1LTM,Shampoo & Acondicionador Vida 1000ml Menta,279.00,1518,279.00,
161-SHVD1LTARG,Shampoo & Acondicionador Vida 1000ml Argan,279.00,1518,279.00,
161-SHVD1LTKT,Shampoo & Acondicionador Vida 1000ml Keratina,279.00,1518,279.00,
LC607,Brillo para Labios,15.29,1556,13.00,VB
8171,Sombra AnyLady Only You,41.18,1581,35.00,VB
LC1253,Brillo Para Labios Magic Dear Darling,12.94,1668,11.00,VB
ST3828,Brillo Para Labios Anthaway azul,9.41,1668,8.00,VB
ST3827,Brillo Para Labios Anthaway rosada,9.41,1692,8.00,VB
ST3373,Corrector Anthaway 36 horas,11.76,2015,10.00,VB
ST3315,Corrector Anthaway Babe Skin,12.94,2040,11.00,VB
LS116,Balsamo Para Labios Magic refresco,14.12,2184,12.00,VB
006-SP404A,Crema Miya Corporal 15ozs Aloe Vera,45.00,2271,42.00,Mayz
006-SP404B,Crema Miya Corporal 15ozs Vitamina E,45.00,2313,42.00,Mayz
T51037,Lápiz Labial Top Lady,15.00,2352,12.00,VB
ST3816A,Mascara Anthaway transparente azul,9.41,2496,8.00,VB
LC1161,Aceite Labial Magic LC1161,12.94,2640,11.00,VB
161-SHVD500M,Shampoo & Acondicionador Vida 500ml Menta,169.00,2673,169.00,
161-SHVD500GR,Shampoo & Acondicionador Vida 500ml Ginger,169.00,2679,169.00,
161-SHVD500ARG,Shampoo & Acondicionador Vida 500ml Argan,169.00,2685,169.00,
161-SHVD500KT,Shampoo & Acondicionador Vida 500ml Keratina,169.00,2691,169.00,
006-alcoholGel,Alcohol Gel para Niñ@s,18.00,2801,18.00,VB
F003,Base Maybelline SPF50+ Alta cobertura,25.00,2958,16.00,VB
Y3015,Primer Kaliya Beauty Unicor,12.94,3184,11.00,VB
F004,Base Lorea SPF50+ Antioxidante,20.00,3341,16.00,VB
P003,Primer base Mate Infalible Lorel,18.00,3348,14.00,VB
ST3817R,Mascara Anthaway transparente rosado,9.41,3600,8.00,VB
T51036,Lapiz labial Matte duradero Top Lady,14.12,3624,12.00,VB
H98149-24B,Lápiz Labial Huda Colores que duran todo el dia,14.12,3672,12.00,VB
,Alcohol Gel para Niñ@s/Jungla,18.00,3808,18.00,
P004,Primer baby skin Maybelline borrador de poros,18.00,3828,14.00,VB
H98144-A,Lápiz Labial Huda Matte H98144-A,14.12,3930,12.00,VB
,Alcohol Gel para Niñ@s/Unicor,18.00,4970,18.00,
006-C04,Shampoo Miya para Niños 12oz 2 En 1,45.00,5375,42.00,Mayz
MM-048,Parche Para Ojos De Colágeno,5.00,9326,4.00,VB
161-SHVDT500CO,Shampoo Tinte VIDA Castaño Oscuro 500ml,129.00,10007,129.00,
161-SHVDT500CN,Shampoo Tinte VIDA Castaño Natural 500ml,129.00,10008,129.00,
161-SHVDT500N,Shampoo Tinte VIDA Negro 500ml,129.00,20063,129.00,
ArtPrueba,Articulo Prueba,30.00,,30.00,