SKU,Nombre,Precio,Existencias,Costo,Proveedor,Status,Vencimiento,CategoriaPrincipal,Subcategoria,UnidadMedida
WA-046,"Mascara Wao! Delineador, Mascara y Lapiz de ceja",69.00,176.0,58.00,Stay,Active,2025-12-01,Maquillaje,Mascara,12
LS824,Balsamo para Labios Magic,17.00,24.0,13.18,BISUTERIA,Active,2028-01-01,Maquillaje,Labios,24
CM-072,Mascara hidratante para pechos Chovemoar,9.00,108.0,7.03,BISUTERIA,Active,2026-08-01,Cuidado personal,Mascarilla facial,12
8658FF,"Paleta Sombra, Blush e Iluminador Anylady",97.00,36.0,76.86,BISUTERIA,Active,2028-04-01,Maquillaje,Sombra,12
L3455,Brillo Labial Larga duración Miss Betty,28.00,24.0,21.96,BISUTERIA,Active,2028-12-01,Maquillaje,Labios,24
SL-5005,Color para Labios HedyBeauty,13.00,0.0,10.10,BISUTERIA,Inactive,2026-01-01,Maquillaje,Labios,24
6038,Tinte agua para Labios Victorias,24.00,36.0,18.45,BISUTERIA,Active,2026-01-01,Maquillaje,Labios,24
809-C,Lápiz Labial Miss Demi,14.00,0.0,10.98,BISUTERIA,Inactive,2028-09-01,Maquillaje,Labios,72
GZ8100088,Serum Facial de Arroz 30ml,33.00,84.0,25.91,BISUTERIA,Active,2029-01-01,Cuidado personal,Serum facial,12
CX2186,Lápiz Labial Comfor Beauty,20.00,144.0,15.81,BISUTERIA,Active,2027-01-01,Maquillaje,Labios,24
5786,Lápiz Labial Mate Golden Rose,20.00,72.0,15.81,BISUTERIA,Active,2028-10-01,Maquillaje,Labios,24
SL-5004,Color de labios de larga duración HedyBeauty,13.00,24.0,10.10,BISUTERIA,Active,2025-06-01,Maquillaje,Labios,24
CX2171,Lápiz Labial Comfor Beauty,20.00,120.0,15.81,BISUTERIA,Active,2027-01-01,Maquillaje,Labios,24
Y978,Sombra y Delineador Romantiic,22.00,120.0,17.57,BISUTERIA,Active,2029-01-01,Maquillaje,Sombra,24
CX6215,Primer Fit me Comfor Beauty,17.00,108.0,13.18,BISUTERIA,Active,2026-01-01,Maquillaje,Primers de maquillaje,12
9219,Labios mas carnosos Chanlanya,21.00,96.0,16.69,BISUTERIA,Active,2029-01-01,Maquillaje,Labios,24
628F,"Paleta Sombra, Blush, Iluminador, Glitter Tutu Time",94.00,108.0,74.66,BISUTERIA,Active,2029-03-25,Maquillaje,Sombra,12
CX2059,Lápiz Labial 24 hrs,20.00,192.0,15.81,BISUTERIA,Active,2027-01-01,Maquillaje,Labios,24
E2231,Mascara Delineador Volumen Rizado,21.00,92.0,16.69,BISUTERIA,Active,2029-01-01,Maquillaje,Mascara,24
ES007,"Paleta Sombra, Blush y Iluminador Moly Coco",72.00,108.0,57.10,BISUTERIA,Active,2026-01-01,Maquillaje,Sombra,12
OTS018,"Paleta Sombra, Contorno y Blush Overture",52.00,215.0,41.28,BISUTERIA,Active,2027-07-01,Maquillaje,Sombra,24
LC643,Brillo Labial OLanney,18.00,0.0,14.05,BISUTERIA,Inactive,2028-11-01,Maquillaje,Labios,24
OTS068,Paleta Blush Overture,58.00,168.0,46.12,BISUTERIA,Active,2027-11-01,Maquillaje,Blusher,24
8658FI,"Sombra Blush, Vanidad y Labial Anylady",97.00,96.0,76.86,BISUTERIA,Active,2028-01-03,Maquillaje,Sombra,12
MS1117B,"Sombra Iluminador, sombra y blush Mels",75.00,120.0,59.29,BISUTERIA,Active,2026-07-01,Maquillaje,Sombra,24
GZ8100090,"Serum Facial Arroz, Vit C, Acido Hialurónico, Aloe Vera",33.00,0.0,25.91,BISUTERIA,Inactive,2028-03-01,Cuidado personal,Serum facial,12
GZ8100130,Serum Facial de Colageno Mlundo,33.00,96.0,25.91,BISUTERIA,Active,2028-08-01,Cuidado personal,Serum facial,12
GZ8100089,Serum Facial Aloe Vera Mlundo,33.00,84.0,25.91,BISUTERIA,Active,2028-03-01,Cuidado personal,Serum facial,12
2418-C,Lápiz Labial Miss Demi,13.00,0.0,10.10,BISUTERIA,Inactive,2025-07-01,Maquillaje,Labios,48
9218,Labios mas carnosos Chanlanya,21.00,120.0,16.69,BISUTERIA,Active,2029-01-01,Maquillaje,Labios,24
WKL327,Protector Solar Wokali,62.00,108.0,48.31,BISUTERIA,Active,2029-04-12,Cuidado personal,Protector Solar,12
WKL328,Protector Solar Wokali 90 Spf,62.00,96.0,48.31,BISUTERIA,Active,2029-04-12,Cuidado personal,Protector Solar,12
WKL329,Protector Solar Wokali 90 spf,62.00,96.0,48.31,BISUTERIA,Active,2029-04-12,Cuidado personal,Protector Solar,12
SAC005-2,Removedor de maquillaje SAS,66.00,60.0,52.70,BISUTERIA,Active,2029-01-01,Maquillaje,Desmaquillante ó Limpiador facial,12
SAC005-1,Removedor de maquillaje SAS,66.00,60.0,52.70,BISUTERIA,Active,2029-01-01,Maquillaje,Desmaquillante ó Limpiador facial,12
SAC005-4,Removedor de maquillaje SAS,66.00,60.0,52.70,BISUTERIA,Active,2029-01-01,Maquillaje,Desmaquillante ó Limpiador facial,12
A052,Delineador Note,18.00,24.0,14.05,BISUTERIA,Active,2028-01-01,Maquillaje,Delineador,48
E051,Lápiz para cejas SandyBeauty,17.00,24.0,13.18,BISUTERIA,Active,2027-01-01,Maquillaje,Delineador,24
M2227,Mascara a prueba de agua 4D Romantiic,22.00,168.0,17.13,BISUTERIA,Active,2028-10-01,Maquillaje,Mascara,24
DR-E018,Corrector Piel Impecable 24hrs Dawang Rose,36.00,96.0,28.55,BISUTERIA,Active,2026-01-01,Maquillaje,Corrector,24
GZ8060165,Corrector 6 tonos Mlundo,27.00,120.0,21.08,BISUTERIA,Active,2028-10-01,Maquillaje,Corrector,24
OTX056,Corrector 6 colores Overture,42.00,192.0,32.94,BISUTERIA,Active,2027-10-01,Maquillaje,Corrector,24
8814H-69,"Sombra todo en uno, Blush, Polvo, Sombra Anylady",92.00,24.0,73.35,BISUTERIA,Active,2030-12-27,Maquillaje,Sombra,12
8814F-32,"Sombra todo en uno, Blush, Polvo, Crema para labios Anylady",92.00,84.0,73.35,BISUTERIA,Active,2027-12-30,Maquillaje,Sombra,12
8658FD,"Sombra Wild Sombra, Iluminador, Blush Anylady",97.00,48.0,76.86,BISUTERIA,Active,2028-01-01,Maquillaje,Sombra,12
CX7530,Primer Comfor Beauty,17.00,108.0,13.18,BISUTERIA,Active,2026-01-01,Maquillaje,Primers de maquillaje,12
5389,Labial Matte Chanlanya,18.00,0.0,14.05,BISUTERIA,Inactive,2028-01-01,Maquillaje,Labios,24
K3324,Labial Matte 24 hrs Miss Betty,22.00,168.0,17.57,BISUTERIA,Active,2027-01-01,Maquillaje,Labios,24
K-7775,Labial de Hadas Miss Betty,21.00,0.0,16.69,BISUTERIA,Inactive,2028-01-01,Maquillaje,Labios,24
9220,Labios mas carnosos Chanlanya,21.00,0.0,16.69,BISUTERIA,Inactive,2029-01-01,Maquillaje,Labios,24
5808-A,Brillo Labial Golden Rose,24.00,0.0,18.45,BISUTERIA,Inactive,2028-11-01,Maquillaje,Labios,24
L3518,Brillo Labial Miss Betty,20.00,48.0,15.37,BISUTERIA,Active,2029-01-01,Maquillaje,Labios,24
Y-2599,Brillo Labial Huda Matte Me,18.00,30.0,14.05,BISUTERIA,Active,2027-01-01,Maquillaje,Labios,30
E038,Delineador Pestañas y Cejas 36hrs SandyBeauty,17.00,0.0,13.18,BISUTERIA,Inactive,2027-07-30,Maquillaje,Delineador,24
OLU938-52,Perfume Pink para mujer 100ml,59.00,0.0,48.00,VB,Inactive,,Cuidado personal,Perfumes,12
OLU938-20,Perfume Amour Amour para mujer 100ml,59.00,0.0,48.00,VB,Inactive,,Cuidado personal,Perfumes,12
OLU938-22,Perfume I Eau Dissay para mujer 100ml,59.00,0.0,48.00,VB,Inactive,,Cuidado personal,Perfumes,12
161-Bigpuff,Insecticida Big Puff,135.00,480.0,115.00,AjSiles,Active,,,Hogar,24
OLU938-54,Perfume Hello Man 2i2 100ml,59.00,0.0,48.00,VB,Inactive,,Cuidado personal,Perfumes,12
OLU938-53,Perfume Swis Amy para mujer 100ml,59.00,0.0,48.00,VB,Inactive,,Cuidado personal,Perfumes,12
OLU938-21,Perfume IEAU DISSAY para hombre 100ml,59.00,0.0,48.00,VB,Inactive,,Cuidado personal,Perfumes,12
OLU938-35,Perfume Bad Boy 100ml,59.00,0.0,48.00,VB,Inactive,,Cuidado personal,Perfumes,12
OLU938-50,Perfume Paris Hotel para mujer 100ml,59.00,0.0,48.00,VB,Inactive,,Cuidado personal,Perfumes,12
85377-03,Fijador de polvo suelto Kiss Beauty,30.50,0.0,25.60,VB,Inactive,2028-10-01,Maquillaje,Polvo compacto,12
HS1195,Iluminador Make-up Mecow,24.00,36.0,20.00,VB,Active,2028-12-01,Maquillaje,Iluminadores,12
CE482,Sombra Glamor + Glitter,47.50,120.0,40.00,VB,Active,2027-11-01,Maquillaje,Sombra,12
HS1023,Cera laminada para cejas Mecow,15.50,669.0,12.80,VB,Active,2027-11-01,Maquillaje,Articulos para Cejas,24
PK204,Sombra Pink Key UltraLight y rapido secado,19.00,0.0,16.00,VB,Inactive,2027-11-01,Maquillaje,Sombra,24
F-A23,Body Victorias Fleur Love Spell Shimmer 250ml,76.47,12.0,65.00,VB,Active,,Cuidado personal,Fragancias,12
F-A27,Body Victorias Fleur Velvet Petals 250ml,76.47,12.0,65.00,VB,Active,,Cuidado personal,Fragancias,12
F-A24,Body Victorias Fleur Velvet Petals Shimmer 250ml,76.47,12.0,65.00,VB,Active,,Cuidado personal,Fragancias,12
F-A25,Body Victorias Fleur Love Spell 250ml,76.47,12.0,65.00,VB,Inactive,,Cuidado personal,Fragancias,12
F-A22,Body Victorias Fleur Pure Seduction Shimmer 250ml,76.47,12.0,65.00,VB,Active,,Cuidado personal,Fragancias,12
F-A18,Body Victorias Fleur Forever Emotion 250ml,76.47,29.0,65.00,VB,Active,,Cuidado personal,Fragancias,12
CD-002,Perfume You Crack Me Up 200ml,82.35,1.0,70.00,VB,Inactive,,Cuidado personal,Perfumes,18
S35-1447,Crema depiladora 150g Stay 3 en 1,68.00,120.0,47.00,Stay,Active,2027-10-01,Cuidado personal,Crema depiladora,12
B0015-RL,Body Spray Corporal 250ml,79.30,24.0,71.40,Ushas,Inactive,2028-12-01,Cuidado personal,Fragancias,12
B0015-CJN,Body Spray Corporal 250ml,79.30,24.0,71.40,Ushas,Inactive,2028-12-01,Cuidado personal,Fragancias,12
B0015-HB,Body Spray Corporal 250ml,79.30,24.0,71.40,Ushas,Inactive,2028-12-01,Cuidado personal,Fragancias,12
B0015-BD-55,Body Spray Glisten Paris 250ml,75.80,36.0,68.25,Ushas,Inactive,2028-12-01,Cuidado personal,Fragancias,12
B0015-BD-23,Body Spray Pasco Pappu 250ml,75.80,9.0,68.25,Ushas,Inactive,2028-12-01,Cuidado personal,Fragancias,12
B0015-BD-8,Body Spray Thirll 250ml,75.80,12.0,68.25,Ushas,Inactive,2028-12-01,Cuidado personal,Fragancias,12
953,Blush 4 colores Anylady,41.20,136.0,35.00,VB,Active,2027-04-01,Maquillaje,Blusher,24
56821-03,Máscara gel para ceja 3D Kiss Beauty,31.75,24.0,27.00,VB,Active,2028-01-01,Maquillaje,Mascara,24
M23-28,Mascara Million Pauline 4 Colores 24 horas,23.53,0.0,20.00,VB,Inactive,2026-06-01,Maquillaje,Mascara,48
B0045-BD-12,Perfume Innovator tubular 35ml,21.18,1.0,16.00,VB,Inactive,,Cuidado personal,Perfumes,24
OLU938-9,Perfume Invictus para hombre 100ml,59.00,0.0,48.00,VB,Inactive,,Cuidado personal,Perfumes,12
OLU938-26,Perfume Locaste para hombre 100ml,59.00,0.0,48.00,VB,Inactive,,Cuidado personal,Perfumes,12
2929-03,Bálsamo Labial Aloe Kiss Beauty,10.35,0.0,8.80,VB,Inactive,2028-12-01,Maquillaje,Labios,36
S37-002,Tijera Stay,28.24,168.0,24.00,Stay,Active,2029-01-01,Cuidado personal,Tijera,12
S35-1457,Crema corporal humectante Miel 444ml,68.00,0.0,47.00,Stay,Inactive,2027-10-24,Cuidado personal,Crema corporal,12
BD-4,Perfume 2i2 Party 100ml,42.35,1.0,36.00,VB,Inactive,2028-07-12,Cuidado personal,Perfumes,12
BD-10,Perfume Lady Trillion,42.35,0.0,36.00,VB,Inactive,,Cuidado personal,Perfumes,12
LO904,Polvo Banana Suelto Scanlon Iluminador Bronzing,11.76,45.0,10.00,VB,Active,2026-01-01,Maquillaje,Iluminadores,12
B0021-GE,Body Spray Pink In Sweet 250ml,75.29,0.0,71.40,VB,Inactive,2029-02-01,Cuidado personal,Fragancias,12
006-alcoholGel,Alcohol Gel para Niñ@s,18.00,2729.0,14.00,VB,Active,,Cuidado personal,Alcohol,12
23526,Mascara Pestañas y Cejas KIKO,14.12,216.0,12.00,VB,Active,2026-01-01,Maquillaje,Mascara,12
JH8010,Mascara Pestañas Essence,14.12,192.0,12.00,VB,Active,2026-04-01,Maquillaje,Mascara,12
B518-1,Perfume 2i2 Red 100ml,65.88,2.0,56.00,VB,Inactive,2028-08-01,Cuidado personal,Perfumes,12
DS5195,Protector Solar Disaar Anti-ultravioleta SPF50 50ml,28.24,45.0,24.00,VB,Active,2028-08-01,Cuidado personal,Protector Solar,12
DS5285,Protector Solar Disaar Antiaging SPF50 80g,32.94,0.0,28.00,VB,Inactive,2028-09-01,Cuidado personal,Protector Solar,12
B0021-LA,Body Spray 250ml Pink and Sweet B0021-LA,75.29,52.0,64.00,VB,Active,2029-01-01,Cuidado personal,Fragancias,12
LC1305,Balsamo para Labios Osito Magic,14.12,0.0,12.00,VB,Inactive,2028-12-01,Maquillaje,Labios,24
MOC449,Iluminador MocMallure True Skin,18.82,0.0,16.00,VB,Inactive,2027-11-01,Maquillaje,Iluminadores,12
MOC495,Brillo Labial MocMallure Magic Hearts,14.12,0.0,12.00,VB,Inactive,2027-12-01,Maquillaje,Labios,24
LC05,Brillo Labial 99% Aloe Magic,14.12,0.0,12.00,VB,Inactive,2028-11-01,Maquillaje,Labios,24
MOC433,Brillo Labial MocMallure Magic Candy,14.12,0.0,12.00,VB,Inactive,2027-10-01,Maquillaje,Labios,24
68532-47A,Protector Solar Karité 60ml SPF90,37.65,117.0,32.00,VB,Active,2028-08-01,Cuidado personal,Protector Solar,12
AC3219,"Set 3 piezas SkinCare Colageno, Vit C, Acido Hialuronico 30ml Aichun",94.12,218.0,80.00,VB,Active,2028-06-01,Cuidado personal,Set skincare,6
HS033,Espejo Gatita,84.71,0.0,72.00,VB,Inactive,2026-01-01,Maquillaje,Espejo,12
DS319-1,Shampoo Contra La Caida del Cabello Clasico Disaar 200ml,47.06,1.0,40.00,VB,Inactive,2028-11-01,Cuidado personal,Shampoo capilar,12
DS319-2,Shampoo Contra La Caida del Cabello Gengibre Disaar 200ml,47.06,3.0,40.00,VB,Inactive,2028-11-01,Cuidado personal,Shampoo capilar,12
35010,Lápiz Labial Mate Beauty Model Matte 35010,12.94,744.0,11.00,VB,Active,2027-07-01,Maquillaje,Labios,24
H98142-A,Lápiz Labial Huda Mate,14.12,1025.0,12.00,VB,Active,2028-05-01,Maquillaje,Labios,24
LC1253,Brillo Para Labios Magic Dear Darling,12.94,1488.0,11.00,VB,Active,2025-03-22,Maquillaje,Labios,12
2056,Primer 24k Rose Silver Kaliya Beauty,12.94,576.0,11.00,VB,Active,2028-08-01,Maquillaje,Primers de maquillaje,24
FS346A,Base Maquillaje Febble Pure Cover,105.88,132.0,90.00,Ushas,Inactive,2028-05-01,Maquillaje,Base de maquillaje,12
ES4201-2,Sombra para Ojos Ushas Love ES4201 2,35.29,132.0,30.00,Ushas,Inactive,2028-08-01,Maquillaje,Sombra,12
ES4201-4,Sombra para Ojos Ushas Love ES4201-4,35.29,72.0,30.00,Ushas,Inactive,2028-08-01,Maquillaje,Sombra,12
CS406B,Kit Corrector de Ojeras Ushas B,97.65,12.0,83.00,Ushas,Inactive,2028-09-01,Maquillaje,Corrector,6
FS346B,Base Maquillaje Febble Pure Cover,105.88,96.0,90.00,Ushas,Inactive,2028-05-01,Maquillaje,Base de maquillaje,12
LG2471B,Brillo Labial Luxurious Ushas B,24.71,288.0,21.00,Ushas,Inactive,2026-01-01,Maquillaje,Labios,24
LG2471A,Brillo Labial Luxurious Ushas A,24.71,288.0,21.00,Ushas,Inactive,2026-01-01,Maquillaje,Labios,24
T51036,Lapiz labial Matte duradero Top Lady,14.12,3120.0,12.00,VB,Active,2028-06-01,Maquillaje,Labios,24
35006,Lapiz labial Matte Beauty Model,12.94,216.0,11.00,VB,Active,2028-06-01,Maquillaje,Labios,24
EL661,Delineador de Ojos Colorfull Pasteles,18.82,144.0,16.00,Ushas,Inactive,,Maquillaje,Delineador,24
HA-3054,Protector Solar Kids 35+,47.06,48.0,40.00,Ushas,Inactive,2028-11-01,Cuidado personal,Protector Solar,12
B0023-CC,Loción Corporal Pink in Sweet B0023-CC,56.47,12.0,48.00,Ushas,Inactive,,Cuidado personal,Crema corporal,12
FS329,Corrector de Ojeras Full Cover All Ushas,32.94,168.0,28.00,Ushas,Inactive,2028-11-01,Maquillaje,Corrector,24
ES3884-4,Sombra de Ojos Good Vibes,47.06,144.0,40.00,Ushas,Inactive,2028-04-01,Maquillaje,Sombra,12
LP2294,Labial en Barra Beauty Kiss,21.18,216.0,18.00,Ushas,Inactive,2028-08-01,Maquillaje,Labios,24
LP2300,Balsamo para Labios Ushas,15.29,480.0,13.00,Ushas,Inactive,,Maquillaje,Labios,24
FS343,Sellador Para Cejas Ushas,21.18,192.0,18.00,Ushas,Inactive,2027-07-01,Maquillaje,Fijador de maquillaje,24
LG2519A,Labial Matte Ushas,21.18,284.0,18.00,Ushas,Inactive,2026-08-01,Maquillaje,Labios,24
LG2522,Labial Beauty Kiss,25.88,288.0,22.00,Ushas,Inactive,,Maquillaje,Labios,24
ES4061-2,Sombra de Ojos My Life Dreams,49.41,9.0,42.00,Ushas,Inactive,2028-05-01,Maquillaje,Sombra,12
ES3922-2,Sombra de Ojos Matcha Love,37.65,144.0,32.00,Ushas,Inactive,2025-01-01,Maquillaje,Sombra,12
HA070,Espuma Facial Limpiadora de Vit-C,74.12,24.0,63.00,Ushas,Inactive,,Maquillaje,Desmaquillante ó Limpiador facial,12
HA073,Espuma Facial Limpiadora de Uva,74.12,72.0,63.00,Ushas,Inactive,,Maquillaje,Desmaquillante ó Limpiador facial,12
HA072,Espuma Facial Limpiadora con Aminoácidos,74.12,48.0,63.00,Ushas,Inactive,,Maquillaje,Desmaquillante ó Limpiador facial,12
HA069,Espuma Facial Limpiadora de Rosa,74.12,24.0,63.00,Ushas,Inactive,,Maquillaje,Desmaquillante ó Limpiador facial,12
LG2367,Brillo de labios Maximizer,21.18,216.0,18.00,Ushas,Inactive,,Maquillaje,Labios,24
FS411B,Base Liquida Premium,51.76,264.0,44.00,Ushas,Inactive,,Maquillaje,Base de maquillaje,24
ES4047,Rubor Sweet Mojito,25.88,96.0,22.00,Ushas,Inactive,,Maquillaje,Blusher,24
ES4038,Iluminador 2 Tono Estrella,32.94,72.0,28.00,Ushas,Inactive,,Maquillaje,Iluminadores,24
ES4030-4,Sombra de Ojos 9C Pink 4 Ushas,37.65,216.0,32.00,Ushas,Inactive,2027-09-01,Maquillaje,Sombra,24
LG2419B,Brillo Labial Music Star Matte,23.53,168.0,20.00,Ushas,Inactive,,Maquillaje,Labios,24
FS384,Sellador de Maquillaje Ushas Photo Finish,61.18,60.0,52.00,Ushas,Inactive,2028-06-01,Maquillaje,Fijador de maquillaje,12
FS358,Primer Para Sombra Ushas,18.82,168.0,16.00,Ushas,Inactive,2028-01-01,Maquillaje,Primers de maquillaje,24
ES4026,"Glitter En Gel para Ojos, Labios y Rostro Febble",14.12,12.0,12.00,Ushas,Inactive,,Maquillaje,Glitter,24
161-USH-15,Encrespador de Pestañas Ruby Lashes Mood,29.41,36.0,25.00,Ushas,Inactive,2026-01-01,Maquillaje,Encrespador,12
161-USH-14,Encrespador de Pestañas Pastel Ruby,29.41,24.0,25.00,Ushas,Inactive,,Maquillaje,Encrespador,12
FS338,Blush Corazon,76.47,72.0,65.00,Ushas,Inactive,,Maquillaje,Blusher,12
ES4015-2,Sombra de Ojos Golden Stylist-2,80.00,144.0,68.00,Ushas,Inactive,2028-03-01,Maquillaje,Sombra,6
LP2288A,Lápiz Labial Kiss A,21.18,288.0,18.00,Ushas,Inactive,2028-06-01,Maquillaje,Labios,24
LP2288B,Lápiz Labial Kiss-B,21.18,264.0,18.00,Ushas,Inactive,2028-06-01,Maquillaje,Labios,24
ES4017B,Corrector de Ojeras en Crema 8C Golden B,68.24,42.0,58.00,Ushas,Inactive,2027-09-01,Maquillaje,Corrector,6
ES4017A,Corrector de Ojeras en crema 8C Golden A,68.24,60.0,58.00,Ushas,Inactive,2027-09-01,Maquillaje,Corrector,6
Y385,Labial Alejandra Show,14.12,72.0,12.00,Ushas,Inactive,2025-07-01,Maquillaje,Labios,24
ES3965,Blush Perla Sweet,35.29,48.0,30.00,Ushas,Inactive,,Maquillaje,Blusher,24
ES3717,Blush 2 Tonos,29.41,300.0,25.00,Ushas,Inactive,,Maquillaje,Blusher,12
ES3723,Blush Fard Ushas,29.41,300.0,25.00,Ushas,Inactive,,Maquillaje,Blusher,24
MA1072,Máscara de Pestañas Love Febble,31.76,192.0,27.00,Ushas,Inactive,2026-08-01,Maquillaje,Mascara,24
ES4024,Blush Flower Ushas,23.53,192.0,20.00,Ushas,Inactive,2027-08-01,Maquillaje,Blusher,24
ES3931,Blush 2 Tono Cheeks Painting,23.53,288.0,20.00,Ushas,Inactive,,Maquillaje,Blusher,24
ES4012,Blush 2 Tono Matte,23.53,168.0,20.00,Ushas,Inactive,,Maquillaje,Blusher,24
FS292,Sellador de Maquillaje Ushas Rose,88.24,36.0,75.00,Ushas,Inactive,,Maquillaje,Fijador de maquillaje,12
FS195,Spray Liquido Corporal Shimmer,76.47,144.0,65.00,Ushas,Inactive,,Maquillaje,Glitter,12
HA082,Tonico Facial Refrescante Rose,64.71,60.0,55.00,Ushas,Inactive,,Cuidado personal,Serum facial,12
FS370,Iluminador Corporal Cristal,37.65,276.0,32.00,Ushas,Inactive,,Maquillaje,Iluminadores,12
161-334,Máscara de Pestañas Big Shot,14.12,288.0,12.00,Ushas,Inactive,,Maquillaje,Mascara,12
FC611A,Iluminador Febble FC611A,70.59,132.0,60.00,Ushas,Inactive,,Maquillaje,Iluminadores,12
FC616B,Polvo Compacto Ushas-B,35.29,240.0,30.00,Ushas,Inactive,2027-09-01,Maquillaje,Polvo compacto,24
5090A,Labial Matte 26H-A,9.41,42.0,8.00,Ushas,Inactive,2026-08-01,Maquillaje,Labios,48
5090B,Labial Matte 26H B,9.41,144.0,8.00,Ushas,Inactive,2028-08-01,Maquillaje,Labios,48
MA1075,Máscara De Pestaña Ushas Transparente,21.18,192.0,18.00,Ushas,Inactive,2026-06-01,Maquillaje,Mascara,24
ES4198-4,Sombra para Ojos For You 4,91.76,6.0,78.00,Ushas,Inactive,2028-08-01,Maquillaje,Sombra,6
R182/R187,Balsamo para labios Paleta Romantic,11.76,237.0,10.00,Ushas,Inactive,2026-08-01,Maquillaje,Labios,24
FS442A,Corrector de Ojeras Full Cover Ushas A,47.06,144.0,40.00,Ushas,Inactive,2028-11-01,Maquillaje,Corrector,24
FS442B,Corrector de Ojeras Full Cover Ushas B,47.06,96.0,40.00,Ushas,Inactive,,Maquillaje,Corrector,24
LG2416,Brillo Labial Ushas Aloe,18.82,216.0,16.00,Ushas,Inactive,2028-06-01,Maquillaje,Labios,24
ES3712-4,Sombra para Ojos True Love,44.71,11.0,38.00,Ushas,Active,2028-02-01,Maquillaje,Sombra,12
EB022A,Cera para cejas,21.18,72.0,18.00,Ushas,Inactive,,Maquillaje,Articulos para Cejas,24
ES4202-4,Sombra Colores Nudes para Ojos,91.76,6.0,78.00,Ushas,Inactive,2028-08-01,Maquillaje,Sombra,6
MA1087,Mascara De Pestañas,27.06,216.0,23.00,Ushas,Inactive,2028-07-01,Maquillaje,Mascara,24
TP353,Lapiz con Cepillo para Cejas,18.82,336.0,16.00,Ushas,Inactive,,Maquillaje,Delineador,48
FC647A,Iluminador My Custom,44.71,54.0,38.00,Ushas,Inactive,2028-01-01,Maquillaje,Iluminadores,12
HA276,"Serum Facial con Gotero, Aloe Vera",94.12,144.0,80.00,Ushas,Inactive,,Cuidado personal,Serum facial,12
HA274,"Serum Facial Gotero, Collagen",94.12,144.0,80.00,Ushas,Inactive,,Cuidado personal,Serum facial,12
HA277,Serum Facial Gotero Rugosa Rose,94.12,132.0,80.00,Ushas,Inactive,,Cuidado personal,Serum facial,12
HA273,Serum Facial Gotero Acido Hyaluronico,94.12,120.0,80.00,Ushas,Inactive,,Cuidado personal,Serum facial,12
FS445B,Base Maquillaje 16H Con Aplicador Ushas,100.00,96.0,85.00,Ushas,Inactive,,Maquillaje,Base de maquillaje,12
ES4194,Sombra para Ojos Show Time,42.35,108.0,36.00,Ushas,Inactive,2028-07-01,Maquillaje,Sombra,12
ES4163-4,Sombra para Ojos Floral 5C 4,23.53,120.0,20.00,Ushas,Inactive,,Maquillaje,Sombra,24
ES4163-2,Sombra para Ojos Floral 5C 2,23.53,120.0,20.00,Ushas,Inactive,,Maquillaje,Sombra,24
ES4170-4,Sombra para Ojos Love More 4,37.65,96.0,32.00,Ushas,Inactive,2028-04-01,Maquillaje,Sombra,24
FS440,Primer Violet Hidratante,40.00,72.0,34.00,Ushas,Inactive,,Maquillaje,Primers de maquillaje,12
EL650,Delineador de Ojos Dorado Miss Ushas,21.18,12.0,18.00,Ushas,Inactive,,Maquillaje,Delineador,24
LG2500,Rubor Love Pretty,20.00,72.0,17.00,Ushas,Inactive,2026-06-01,Maquillaje,Blusher,24
ES4195-2,Sombra para Ojos Show Time 2,70.59,144.0,60.00,Ushas,Inactive,2028-07-01,Maquillaje,Sombra,12
ES4195-4,Sombra para Ojos Show Time 4,70.59,132.0,60.00,Ushas,Inactive,2028-07-01,Maquillaje,Sombra,12
LG2532,Brillo Labial Boom,17.65,120.0,15.00,Ushas,Inactive,2028-07-01,Maquillaje,Labios,12
LG2400,Brillo Labial Shine On,21.18,192.0,18.00,Ushas,Inactive,2028-06-01,Maquillaje,Labios,24
LG2513,Brillo Labial Ice Drink,21.18,192.0,18.00,Ushas,Inactive,,Maquillaje,Labios,24
LG2525F,Brillo Labial Tinta Juicy,27.06,120.0,23.00,Ushas,Inactive,,Maquillaje,Labios,24
LP2291,Balsamo Para Labios Ushas That Well,18.82,192.0,16.00,Ushas,Inactive,,Maquillaje,Labios,24
FS417B,Base Maquillaje Ushas Rose B,45.88,168.0,39.00,Ushas,Inactive,,Maquillaje,Base de maquillaje,24
LP2290,Balsamo Para Labios Ushas Aloe Vera,20.00,264.0,17.00,Ushas,Inactive,,Maquillaje,Labios,24
ES4168,Polvo Suelto Perfect,37.65,96.0,32.00,Ushas,Inactive,2028-07-01,Maquillaje,Polvo compacto,24
TP343,Lapiz para cejas 3-1 Ushas,31.76,576.0,27.00,Ushas,Inactive,,Maquillaje,Delineador,48
EB026-MIX,Lapiz + Fijador De Ceja,35.29,216.0,30.00,Ushas,Inactive,,Maquillaje,Delineador,24
LG2504B,Labial Matte Ushas,30.59,264.0,26.00,Ushas,Inactive,,Maquillaje,Labios,24
LP2282B,Labial Matte Dorado,22.35,120.0,19.00,Ushas,Inactive,2028-05-01,Maquillaje,Labios,24
TP304K-1,Lapiz de Ceja 3D Ushas Marrón TP304K-1,35.29,0.0,30.00,Ushas,Inactive,2026-01-01,Maquillaje,Delineador,24
MA1073,Mascara para cejas 3D Ushas,25.88,216.0,22.00,Ushas,Inactive,2026-06-01,Maquillaje,Mascara,24
LG2218,Brillo Labial Natural Mix,23.53,264.0,20.00,Ushas,Inactive,2027-12-01,Maquillaje,Labios,24
COM024,Toalla desinfectante 75% alcohol 10pcs,13.50,900.0,12.00,VB,Active,2026-10-01,Cuidado personal,Toallas humedas,24
COM015,Toalla desmaquillante 25pcs,18.82,55.0,16.00,VB,Active,,Cuidado personal,Toallas humedas,12
HCC331,Corrector Huda Beauty Borrador instantáneo multi-uso,32.94,1032.0,28.00,VB,Active,2028-07-01,Maquillaje,Corrector,24
HB5224,Brillo Labial Hold Morning Cute Hello Lovely,12.94,24.0,11.00,VB,Active,2027-08-01,Maquillaje,Labios,24
HL5570,Brillo Labial Hold Morning Cute Candy,12.94,384.0,11.00,VB,Active,2027-10-01,Maquillaje,Labios,24
HL5528,Tinte Labial Hold Morning Space Travel,12.94,0.0,11.00,VB,Inactive,2027-09-01,Maquillaje,Labios,24
HL5559,Brillo Labial Hold Morning HL5559,12.94,384.0,11.00,VB,Active,2027-10-01,Maquillaje,Labios,24
HL5566,Brillo para Labios Hold Morning HL5566,12.94,0.0,11.00,VB,Inactive,2027-10-01,Maquillaje,Labios,24
B949-1,Perfume Oud Wood para hombre 100ml,88.24,204.0,75.00,VB,Active,2028-09-01,Cuidado personal,Perfumes,12
B721-4,Perfume Invictus Blue 100ml,109.00,110.0,90.00,VB,Active,,Cuidado personal,Perfumes,12
B721-2,Perfume Invictus Aqua 100ml,109.00,106.0,90.00,VB,Active,,Cuidado personal,Perfumes,12
B0060-IV,Set de body Pink in Sweet 4pcs 20ml,65.88,12.0,56.00,VB,Inactive,2028-10-01,Cuidado personal,Fragancias,12
B0060-TF,Set de body Pink in Sweet 4pcs 20ml,65.88,0.0,56.00,VB,Inactive,2028-03-26,Cuidado personal,Fragancias,12
B0060-FC,"Set de body Pink in Sweet 4pcs Peach, Sorbet, Blueberry y Sprinkles 20ml",65.88,0.0,56.00,VB,Inactive,2028-10-06,Cuidado personal,Fragancias,12
B0060-LO,Set de body Pink in Sweet 4pcs 20ml,65.88,4.0,56.00,VB,Inactive,2028-10-01,Cuidado personal,Fragancias,12
B0025-MC,Loción Corporal Pink in Sweet 88ml,29.41,0.0,25.00,VB,Inactive,,Cuidado personal,Crema corporal,12
B0025-BV,Loción Corporal Pink in Sweet 88g,29.41,0.0,25.00,VB,Inactive,,Cuidado personal,Crema corporal,12
B0025-ELF,Loción Corporal Pink in Sweet 88g,29.41,0.0,25.00,VB,Inactive,2026-03-01,Cuidado personal,Crema corporal,12
B0042-DOT,Spray fragancia para cabello Pink in Sweet 100ml,37.65,60.0,32.00,VB,Active,,Cuidado personal,Fragancias,12
B0042-BM,Spray fragancia para cabello Pink in Sweet 100ml,37.65,4.0,32.00,VB,Inactive,2028-05-01,Cuidado personal,Fragancias,12
LC1310,Mascara para pestañas y cejas en gel con Acido Hialuronico Magic,12.94,357.0,11.00,VB,Active,2028-11-01,Maquillaje,Mascara,24
LC1157,Brillo Labial Mariposita Magic,12.94,240.0,11.00,VB,Active,2028-05-01,Maquillaje,Labios,24
LC719,Brillo Labial Dear Darling Magic,12.94,1.0,11.00,VB,Inactive,2028-10-01,Maquillaje,Labios,24
B38,Perfume Tom Ford Fkg. fabulous 100ml,129.41,37.0,110.00,VB,Active,,Cuidado personal,Perfumes,12
B37,Perfume Tom Ford Oud wood 100ml,129.41,36.0,110.00,VB,Active,,Cuidado personal,Perfumes,12
B36,Perfume Tom Ford Fabulous 100ml,129.41,36.0,110.00,VB,Active,,Cuidado personal,Perfumes,12
B35,Perfume Tom Ford Tuscan Leather 100ml,129.41,10.0,110.00,VB,Active,,Cuidado personal,Perfumes,12
B9,Perfume Aventus Creed 100ml,141.18,78.0,120.00,VB,Active,,Cuidado personal,Perfumes,12
G3135,Balsamo Labial Limon Orof,11.76,557.0,10.00,VB,Active,2028-08-01,Maquillaje,Labios,24
G3134,Balsamo Labial Arándano Orof,11.76,172.0,10.00,VB,Active,2028-08-01,Maquillaje,Labios,24
G3137,Balsamo Labial Sandia 24h Orof,11.76,511.0,10.00,VB,Active,2028-08-01,Maquillaje,Labios,24
G3136,Balsamo Labial Fresas 24h Orof,11.76,370.0,10.00,VB,Active,2028-08-01,Maquillaje,Labios,24
ST3361,"Base Liquida 36h 3 in 1 Base, Primer y Corrector Anthaway",12.94,408.0,11.00,VB,Active,2027-12-01,Maquillaje,Base de maquillaje,24
ST3352,Base Liquida 36h Vitamina C Fit me! Anthaway,12.94,384.0,11.00,VB,Active,2027-12-01,Maquillaje,Base de maquillaje,24
ST3350,Base Liquida 36h Hidratante Anthaway,12.94,528.0,11.00,VB,Active,2027-12-01,Maquillaje,Base de maquillaje,24
161-3020,Primer para rostro Kaliya Beauty Aloe 16H,12.94,1287.0,11.00,VB,Active,2028-08-01,Maquillaje,Primers de maquillaje,24
161-065,Primer para rostro Kaliya Beauty Vitamina C,12.94,309.0,11.00,VB,Active,2028-08-01,Maquillaje,Primers de maquillaje,24
161-095,Primer para rostro Kaliya Beauty Alta adherencia,12.94,1128.0,11.00,VB,Active,2028-08-01,Maquillaje,Primers de maquillaje,24
161-3024,Primer para rostro Kaliya Beauty Acabado húmedo definitivo,12.94,1152.0,11.00,VB,Active,2028-08-01,Maquillaje,Primers de maquillaje,24
8636P,Sombra de ojos Anylady Super Girl,94.12,96.0,80.00,VB,Active,2027-07-01,Maquillaje,Sombra,12
BX-330,Esponja para maquillar 3pcs Kiss Lovely,14.12,409.0,12.00,VB,Active,2029-01-01,Maquillaje,Esponjas de maquillaje,12
CS043,Esponja para maquillar 6pcs Envase Plastico,18.82,635.0,16.00,VB,Active,2029-01-01,Maquillaje,Esponjas de maquillaje,12
FP3137,Esponja para maquillar Sweet Beauty,18.82,716.0,16.00,VB,Active,2029-01-01,Maquillaje,Esponjas de maquillaje,12
B0021-RC,Body Spray Pink in Sweet 250ml,79.30,24.0,71.40,VB,Active,,Cuidado personal,Fragancias,12
0460,Primer Top Face Para Pieles Secas Rellena & Refresca,12.94,696.0,11.00,VB,Active,2027-07-01,Maquillaje,Primers de maquillaje,24
N221,Primer Top Face Rellena & Refresca,12.94,648.0,11.00,VB,Active,2025-12-01,Maquillaje,Primers de maquillaje,24
N220,Base Liquida Detoxificar Y Proteger Note,12.94,408.0,11.00,VB,Active,2027-06-01,Maquillaje,Base de maquillaje,24
0455,Base Liquida Skinwera Efecto Mate Larga Duracion Top Face,12.94,408.0,11.00,VB,Active,2026-01-01,Maquillaje,Base de maquillaje,24
CL814,Corrector Scanlon Alta Cobertura,15.29,288.0,13.00,VB,Active,2026-01-01,Maquillaje,Corrector,24
M23-157,Mascara De Pestañas Million Pauline Sube El Volumen,18.82,24.0,16.00,VB,Active,2026-10-01,Maquillaje,Mascara,24
DS335-2,Crema Depiladora Disaar 100g 5 Minutos,41.18,24.0,35.00,VB,Inactive,2028-07-01,Cuidado personal,Crema depiladora,12
DS335-1,Crema Depiladora Disaar 100g 3 Minutos,41.18,24.0,35.00,VB,Active,2028-07-01,Cuidado personal,Crema depiladora,12
DS5261,Tónico Facial Hidratante Disaar 200ml,47.06,19.0,40.00,VB,Active,2028-09-01,Maquillaje,Tonico facial,12
AC3142,Tonico Facial de Arroz Aichum Beauty Nutre Y Aclara 100ml,41.18,47.0,35.00,VB,Active,2028-07-01,Maquillaje,Tonico facial,12
AC3141,Contorno De Ojos Hidratante Y Aclarante De Arroz Aichun Beauty 25ml,32.94,84.0,28.00,VB,Active,2027-12-01,Maquillaje,Contorno de ojos,12
AC3120,Limpiador Facial Arroz Natural Aichum Beauty Nutre La Piel 100ml,47.06,0.0,40.00,VB,Inactive,2028-07-01,Maquillaje,Desmaquillante ó Limpiador facial,12
GJ7169,Set Skin Care Acido Kojic 5 Pcs,282.35,3.0,240.00,VB,Active,2028-06-01,Cuidado personal,Set skincare,6
161-014,Cosmetiquera #014,52.94,14.0,45.00,VB,Active,2029-01-01,Maquillaje,Cosmetiquera,12
994-02#,Sombra Anylady 15 tonos #2,47.06,0.0,40.00,VB,Inactive,2027-03-01,Maquillaje,Sombra,12
994-01#,Sombra Anylady 15 tonos #1,47.06,12.0,40.00,VB,Active,2027-06-01,Maquillaje,Sombra,12
S29-001,Brocha Para Maquillaje Set 7 Pzas Stay,58.82,120.0,50.00,Stay,Active,2029-01-01,Maquillaje,Brochas para maquillar,12
2324,Base Beauty City Matte Aprueba de agua,61.18,0.0,52.00,VB,Inactive,2026-10-01,Maquillaje,Base de maquillaje,24
2075,Base Beauty City BB cream,61.18,95.0,52.00,VB,Active,2027-10-01,Maquillaje,Base de maquillaje,24
161-015,Cosmetiquera #015,52.94,143.0,45.00,VB,Active,2029-01-01,Maquillaje,Cosmetiquera,12
5513,Lápiz Labial CHANLANYA Matte 5513,14.12,624.0,12.00,VB,Active,2027-01-01,Maquillaje,Labios,24
5360,Lápiz Labial CHANLANYA Matte 5360,14.12,264.0,12.00,VB,Active,2026-01-01,Maquillaje,Labios,24
5338,Lápiz Labial CHANLANYA Matte 5338,14.12,456.0,12.00,VB,Active,2026-01-01,Maquillaje,Labios,24
5323,Lápiz Labial Huda Beauty Matte 5323,14.12,41.0,12.00,VB,Active,2026-01-01,Maquillaje,Labios,24
30640,Esponja De Silicona Delicate,17.65,336.0,15.00,Mayz,Active,2029-01-01,Maquillaje,Labios,24
006-003493-2,Acondicionador Vinilady Liso Intenso,99.00,76.0,90.00,Mayz,Active,2025-03-01,Cuidado personal,Acondicionador capilar,12
006-003830-0,Crema Peinar Vinilady Aguacate (Super Boom) 300ml,67.06,356.0,57.00,Mayz,Active,2026-01-01,Cuidado personal,Crema capilar,24
006-003893-8,Champú Vinilady 325ml Vinilady Ondas Y Rizos,67.06,0.0,57.00,Mayz,Inactive,2026-01-01,Cuidado personal,Shampoo capilar,12
006-004092-4,Crema Peinar Vinilady Reparación Total 290,67.06,293.0,57.00,Mayz,Active,2025-10-01,Cuidado personal,Crema capilar,24
006-004086-0,Champú Vinilady 325ml Vinilady Reparación Total,67.06,0.0,57.00,Mayz,Inactive,2025-10-01,Cuidado personal,Shampoo capilar,12
006-004049-5,Champú Vinilady 325ml Vinilady Negro Absoluto,67.06,2.0,57.00,Mayz,Inactive,2026-01-01,Cuidado personal,Shampoo capilar,12
006-004027-4,Champú Vinilady 325ml Vinilady Liso Intenso,67.06,0.0,57.00,Mayz,Inactive,2026-01-01,Cuidado personal,Shampoo capilar,12
006-128713,Espuma P/Afeitar Majix 200ml Cool,49.41,461.0,42.00,Mayz,Active,2026-12-01,Cuidado personal,Espuma para afeitar,24
006-132581,Espuma para Afeitar Janti 200ml Sensitive,40.00,165.0,34.00,Mayz,Active,2026-11-01,Cuidado personal,Espuma para afeitar,24
006-C04,Shampoo Miya para Niños 12oz 2 En 1,45.00,5327.0,42.00,Mayz,Active,2025-03-01,Cuidado personal,Shampoo capilar,24
006-WKL258,Gel Para Ducha 550ml Lanolin Wokali,70.00,20.0,63.00,Mayz,Active,2025-03-01,Cuidado personal,Gel de ducha,6
006-WKL176,Gel Para Ducha 550ml Bamboo Wokali,70.00,115.0,63.00,Mayz,Active,2024-10-01,Cuidado personal,Gel de ducha,6
006-132574,Espuma P/Afeitar Janti 200ml regular,40.00,212.0,34.00,Mayz,Active,2026-11-01,Cuidado personal,Espuma para afeitar,24
1721N-B,Polvo Compacto Note Worthy 1721N-B,28.24,660.0,24.00,VB,Active,2027-12-01,Maquillaje,Polvo compacto,12
18-313,Esponja Para Cocina 5pcs 18-313,15.73,142.0,14.00,Stay,Active,2029-01-01,Maquillaje,Esponjas de maquillaje,5
2118N-A,Polvo compacto Note Worthy Glitter Story,28.24,683.0,24.00,VB,Active,2027-12-01,Maquillaje,Polvo compacto,12
2280-47,Fijador De Maquillaje Karité Aloe Vera Control de aceite y refrescante,44.71,0.0,38.00,VB,Inactive,2028-03-22,Maquillaje,Fijador de maquillaje,12
2368-47,Fijador De Maquillaje Kiss beauty Antioxidante & Control de grasa,56.47,14.0,48.00,VB,Active,,Maquillaje,Fijador de maquillaje,12
2377-47B,Limpiador Facial Karité 150ml Rosas,70.59,336.0,60.00,VB,Active,2028-06-01,Maquillaje,Desmaquillante ó Limpiador facial,12
2377-47C,Limpiador Facial Karité 150ml Vitamin E,70.59,347.0,60.00,VB,Active,2028-06-01,Maquillaje,Desmaquillante ó Limpiador facial,12
2377-47A,Limpiador Facial Karité 150ml Aloe,70.59,276.0,60.00,VB,Active,2028-06-01,Maquillaje,Desmaquillante ó Limpiador facial,12
35008-1,Lapiz Labial Mate Beauty Model Matte 35008-1,12.94,42.0,11.00,VB,Active,2027-09-01,Maquillaje,Labios,24
35002-1,Lapiz Labial Mate Beauty Model Matte 35002-1,12.94,474.0,11.00,VB,Active,2027-06-01,Maquillaje,Labios,24
56853-47,Mascara pestaña Karite 56853-47,25.88,144.0,22.00,VB,Active,2027-11-01,Maquillaje,Mascara,24
56939-03HA,Gel de cejas con Ácido Hialurónico,21.18,384.0,18.00,VB,Active,2028-04-01,Maquillaje,Mascara,24
68555-03,Primer Beauty Plump Prime,56.47,156.0,48.00,VB,Active,2028-06-01,Maquillaje,Primers de maquillaje,12
8166-01#,Sombra para Ojos Anylady Believe in yourselve,64.71,12.0,55.00,VB,Active,2027-03-05,Maquillaje,Sombra,12
8658FC,"Sombra para Ojos Sombra, Iluminador, Blush Anylady",97.00,60.0,76.86,BISUTERIA,Active,2028-04-01,Maquillaje,Sombra,12
8842E,Corrector Mate Ever Beauty 8842E,21.18,71.0,18.00,VB,Active,2028-07-01,Maquillaje,Corrector,36
8844E,Corrector Mate Ever Beauty 8844E,21.18,431.0,18.00,VB,Active,2028-06-01,Maquillaje,Corrector,36
8843E,Corrector Mate Ever Beauty 8843E,21.18,648.0,18.00,VB,Active,2028-07-01,Maquillaje,Corrector,24
9206N-L9,Polvo compacto Note Worthy Flash touch 9206N-L9,27.06,960.0,23.00,VB,Active,2026-01-01,Maquillaje,Polvo compacto,24
9301N-B,Polvo compacto Note Worthy Natural nude,28.24,528.0,24.00,VB,Active,2027-12-01,Maquillaje,Polvo compacto,12
A-3496,Polvo Compacto Mayeiline A-3496,35.29,792.0,30.00,VB,Active,2028-05-01,Maquillaje,Polvo compacto,12
A-3495,Polvo Compacto Mayeiline A-3495,35.29,695.0,30.00,VB,Active,2028-05-01,Maquillaje,Polvo compacto,12
B51,Primer Mac Skin Base Visage,35.29,1284.0,30.00,VB,Active,2027-04-01,Maquillaje,Primers de maquillaje,12
B7031,Lapiz Labial Mate Beauty Model 24hr,12.94,96.0,11.00,VB,Active,2027-05-01,Maquillaje,Labios,24
BOCR/009,Body 3 Pzas Pink in Sweet BOCR-009,74.12,1.0,63.00,VB,Inactive,,Cuidado personal,Fragancias,12
C009,Esponja para maquillar 6 Piezas Kiss Lovely C009,22.35,0.0,19.00,VB,Inactive,2029-01-01,Maquillaje,Esponjas de maquillaje,12
C008,Esponja para maquillar 6 Piezas Kiss Lovely C008,22.35,240.0,19.00,VB,Active,2029-01-01,Maquillaje,Esponjas de maquillaje,12
CL822,Corrector Liquido Scanlon CL822,16.47,336.0,14.00,VB,Active,2027-01-01,Maquillaje,Corrector,24
CL812,Base de Maquillaje Scanlon CL812,47.06,12.0,40.00,VB,Active,2026-01-01,Maquillaje,Base de maquillaje,12
ES6016,Sombra Favor Beauty Beach,52.94,543.0,45.00,VB,Active,2026-07-01,Maquillaje,Sombra,16
ES6107,Sombra Favor Beauty Kitty,52.94,34.0,45.00,VB,Active,2026-06-01,Maquillaje,Sombra,16
F004,Base Lorea SPF50+ Antioxidante,20.00,3305.0,16.00,VB,Active,2026-01-01,Maquillaje,Base de maquillaje,12
F003,Base Maybelline SPF50+ Alta cobertura,25.00,2898.0,16.00,VB,Active,2026-01-01,Maquillaje,Base de maquillaje,12
F007A,Primer CHANLANYA glitter,37.65,168.0,32.00,VB,Active,2026-01-01,Maquillaje,Primers de maquillaje,12
F007B,Primer CHANLANYA transparente,37.65,192.0,32.00,VB,Active,2026-01-01,Maquillaje,Primers de maquillaje,12
FP-375,Esponja Puff Sweet beauty FP-375,37.65,2.0,32.00,VB,Inactive,2029-01-01,Maquillaje,Esponjas de maquillaje,12
GJ7192,Tonico Facial de Acido Hialuronico 150ml GuanJing,52.94,71.0,45.00,VB,Active,2028-05-01,Maquillaje,Tonico facial,12
H64070 C,Base Huda Beauty Matte FPS 50+ todo tipo de pieles,49.41,972.0,42.00,VB,Active,2028-04-01,Maquillaje,Base de maquillaje,12
H98144-A,Lápiz Labial Huda Matte H98144-A,14.12,3402.0,12.00,VB,Active,2028-06-01,Maquillaje,Labios,24
H98149-24B,Lápiz Labial Huda Colores que duran todo el dia,14.12,3624.0,12.00,VB,Active,2028-04-01,Maquillaje,Labios,24
JM-570,Pestañas 1pcs Nooralazawi Nudes 3D,11.76,40.0,10.00,VB,Active,2026-01-01,Maquillaje,Articulos para pestañas,12
JM-603,Pestañas 1pcs Nooralazawi hechas a mano 5D,11.76,208.0,10.00,VB,Active,2026-01-01,Maquillaje,Articulos para pestañas,10
JM-599,Pestañas 1 pcs Nooralazawi hechas a mano 3D,11.76,32.0,10.00,VB,Active,2026-01-01,Maquillaje,Articulos para pestañas,10
L014,Primer Fit me! Alta duracion Love is beauty 24hr,35.29,1229.0,30.00,VB,Active,2026-01-01,Maquillaje,Primers de maquillaje,12
LC1161,Aceite Labial Magic LC1161,12.94,2544.0,11.00,VB,Active,2028-06-01,Maquillaje,Labios,24
LC1164,Aceite Labial Magic LC1164,12.94,1072.0,11.00,VB,Active,2028-07-01,Maquillaje,Labios,24
LC1197,Aceite Labial Magic LC1197,12.94,288.0,11.00,VB,Active,2028-07-01,Maquillaje,Labios,24
LC1201,Aceite Labial Magic LC1201,12.94,1240.0,11.00,VB,Active,2028-06-01,Maquillaje,Labios,30
LC1230,Balsamo Para Labios Magic LC1230,12.94,1404.0,11.00,VB,Active,2028-07-01,Maquillaje,Labios,12
LC1218,Aceite Labial Magic LC1218,12.94,24.0,11.00,VB,Active,2028-07-01,Maquillaje,Labios,24
LC1220,Aceite Labial Magic LC1220,12.94,168.0,11.00,VB,Active,2028-07-01,Maquillaje,Labios,24
LC1204,Aceite Labial Magic LC1204,12.94,352.0,11.00,VB,Active,2028-06-01,Maquillaje,Labios,24
LC1207,Brillo Para Labios Mate Magic Be sweet,12.94,0.0,11.00,VB,Inactive,2028-07-01,Maquillaje,Labios,24
LC1227,Brillo Para Labios Mate Magic color perfecto,12.94,0.0,11.00,VB,Inactive,2028-10-01,Maquillaje,Labios,24
LC1268,Brillo Para Labios Magic paleta corazón,12.94,0.0,11.00,VB,Inactive,2028-08-01,Maquillaje,Labios,24
LC929,Brillo para Labios Magic corazón love,12.94,0.0,11.00,VB,Inactive,2028-04-01,Maquillaje,Labios,24
LC618,Brillo De Labios Magic gatita,12.94,0.0,11.00,VB,Inactive,2028-05-01,Maquillaje,Labios,24
LO903,Polvo suelto banana Scanlon,31.76,36.0,27.00,VB,Active,2027-01-01,Maquillaje,Polvo compacto,12
LS112,Balsamo Para Labios Magic paleta espiral,12.94,792.0,11.00,VB,Active,2028-05-01,Maquillaje,Labios,24
M0045,Polvo Compacto Doble Million Pauline 24hr,52.94,96.0,45.00,VB,Active,2026-04-01,Maquillaje,Polvo compacto,12
M0010,Base Million Pauline Esencia de caracol SPF 25+,44.71,132.0,38.00,VB,Active,2025-09-01,Maquillaje,Base de maquillaje,12
LS115,Balsamo Para Labios Magic Taza gatito,14.12,624.0,12.00,VB,Active,2028-07-01,Maquillaje,Labios,24
LS116,Balsamo Para Labios Magic refresco,14.12,2136.0,12.00,VB,Active,2028-07-01,Maquillaje,Labios,24
M23-27,Polvo Compacto y corrector Million Pauline Mate,52.94,0.0,45.00,VB,Inactive,2027-04-01,Maquillaje,Polvo compacto,12
M22-51,Polvo Compacto Doble Million Pauline tono claro,52.94,81.0,45.00,VB,Active,2026-01-01,Maquillaje,Polvo compacto,12
M23-36,Mascara Million Pauline Refresca y revive,28.24,1219.0,24.00,VB,Active,2026-05-01,Maquillaje,Mascara,12
M22-81,Mascara Million Pauline Ma XXL,28.24,1224.0,24.00,VB,Active,2026-04-01,Maquillaje,Mascara,12
MB-023,Lapiz para cejas,21.00,144.0,18.00,VB,Active,2026-01-01,Maquillaje,Delineador,12
OLU973-3,Perfume niña candy sweet azul,42.35,0.0,36.00,VB,Inactive,,Cuidado personal,Perfumes,16
OLU988-1,Perfume niña science,42.35,0.0,36.00,VB,Inactive,,Cuidado personal,Perfumes,12
P004,Primer baby skin Maybelline borrador de poros,18.00,3792.0,14.00,VB,Active,2026-01-01,Maquillaje,Primers de maquillaje,24
P003,Primer base Mate Infalible Lorel,18.00,3324.0,14.00,VB,Active,2026-01-01,Maquillaje,Primers de maquillaje,12
DL-313,Shampoo Tinte Negro Dr Lana,176.47,5.0,150.00,VB,Inactive,,Cuidado personal,Shampoo capilar,12
RE-2004,Secadora De Cabello Remlngton 5000w,270.59,10.0,230.00,VB,Active,2029-01-26,Maquillaje,Secadora de cabello,6
RE-2038,Secadora De Cabello Reddenton 3000w,305.88,15.0,260.00,VB,Active,2029-01-26,Maquillaje,Secadora de cabello,3
RKQ-DM30,Serum Facial de Arroz Erha21 30ml,29.41,3.0,25.00,VB,Inactive,2026-06-01,Cuidado personal,Serum facial,24
RKQ-2609,Serum Facial de Colágeno Erha21 30ml,29.41,399.0,25.00,VB,Active,2026-06-01,Cuidado personal,Serum facial,24
KQ-6201,Serum Facial Vitamina C Erha21 30ml,29.41,465.0,25.00,VB,Active,2026-06-01,Cuidado personal,Serum facial,24
RX150X,Limpiador Facial 150ml Multi proposito,52.94,181.0,45.00,VB,Active,2026-05-01,Maquillaje,Desmaquillante ó Limpiador facial,12
KQ-VC150X,Limpiador Facial 150ml Vitamina C,52.94,81.0,45.00,VB,Active,2026-03-01,Maquillaje,Desmaquillante ó Limpiador facial,12
KQ-VE100,Serum Facial de Vitamina E 100ml,47.06,142.0,40.00,VB,Active,2026-03-01,Cuidado personal,Serum facial,12
KQ-BNS100,Serum Facial de Acido Hialuronico 100ml,47.06,250.0,40.00,VB,Active,2026-03-01,Cuidado personal,Serum facial,12
KQ-DM100,Serum Facial de Arroz 100ml,47.06,179.0,40.00,VB,Active,2026-06-01,Cuidado personal,Serum facial,12
S2-0064,Pala Plastica cuadrada Stay,22.35,0.0,19.00,Stay,Inactive,2029-01-26,Cuidado personal,Pala para pedicure,12
S2-0287,Perfiladora De Ceja 2 pzas Stay,35.96,0.0,32.00,Stay,Inactive,2029-01-26,Maquillaje,Perfiladoras,12
S2-0122,Espejo personal ovalado Stay,37.00,0.0,28.00,Stay,Inactive,2029-01-01,Maquillaje,Espejo,12
S2-0759,Set de esponjas para maquillar Stay,24.72,24.0,22.00,Stay,Active,2029-01-01,Maquillaje,Esponjas de maquillaje,12
S2-0737,Cepillo peinilla para Cabello Stay,25.88,233.0,22.00,Stay,Active,2029-01-01,Maquillaje,"Cepillo, peines y peinillas",12
S2-1035,Cepillo Para Cabello Stay Osito,51.76,24.0,44.00,Stay,Active,2029-01-26,Maquillaje,"Cepillo, peines y peinillas",12
S2-1276,Set para Ceja Set 3 Pzas,35.96,0.0,32.00,Stay,Inactive,2029-01-26,Cuidado personal,Tijera,12
S2-1371,Rizador de Pestaña Stay,40.45,60.0,36.00,Stay,Active,2029-01-01,Maquillaje,Encrespador,12
S21-021,Pincel Para Uñas,13.48,22.0,12.00,Stay,Active,2026-01-01,Maquillaje,Uñas,12
S29-1193,Esponja Facial Stay 6 piezas,32.58,107.0,29.00,Stay,Active,2029-01-01,Maquillaje,Esponjas de maquillaje,6
S37-0884,Pala para Pedicure Madera Stay,23.60,0.0,21.00,Stay,Inactive,2029-01-01,Cuidado personal,Pala para pedicure,12
S6-1363,Mascara Stay ultra volumen,34.83,216.0,31.00,Stay,Active,2025-12-01,Maquillaje,Mascara,24
S7-001,Mascara Stay transparente en gel,32.58,360.0,29.00,Stay,Active,2026-05-01,Maquillaje,Mascara,24
SD31936,Ampolla Facial con Vitamina C 7pcs x 2ml,32.94,129.0,28.00,VB,Active,2025-08-01,Cuidado personal,Serum facial,12
SD31943,Ampolla Facial 24K Gold 7pcs x 2ml,32.94,113.0,28.00,VB,Active,2025-11-01,Cuidado personal,Serum facial,12
SD30878,Ampolla Facial con Acido Hialuronico 7pcs x 2ml,32.94,27.0,28.00,VB,Active,2026-07-01,Cuidado personal,Serum facial,12
SE812,Sombra para ojos y contorno Scanlon,32.94,207.0,28.00,VB,Active,2027-01-01,Maquillaje,Sombra,12
SE872,Sombra Scanlon 35 tonos,82.35,316.0,70.00,VB,Active,2027-01-01,Maquillaje,Sombra,6
ST3312,Corrector Anthaway Alta definición,11.76,1176.0,10.00,VB,Active,2028-05-01,Maquillaje,Corrector,24
ST3315,Corrector Anthaway Babe Skin,12.94,1992.0,11.00,VB,Active,2028-05-01,Maquillaje,Corrector,24
ST3343,Base Anthaway Multiefecto,12.94,456.0,11.00,VB,Active,2027-03-01,Maquillaje,Base de maquillaje,24
ST3362,Base para maquillaje Super Stay,12.94,336.0,11.00,VB,Active,2027-12-01,Maquillaje,Base de maquillaje,24
ST3373,Corrector Anthaway 36 horas,11.76,1991.0,10.00,VB,Active,2028-03-01,Maquillaje,Corrector,24
ST3816A,Mascara Anthaway transparente azul,9.41,2304.0,8.00,VB,Active,2028-04-01,Maquillaje,Mascara,48
ST3817R,Mascara Anthaway transparente rosado,9.41,3552.0,8.00,VB,Active,2028-04-01,Maquillaje,Mascara,48
ST3828,Brillo Para Labios Anthaway azul,9.41,1308.0,8.00,VB,Active,2028-05-01,Maquillaje,Labios,12
ST3827,Brillo Para Labios Anthaway rosada,9.41,1524.0,8.00,VB,Active,2028-05-01,Maquillaje,Labios,12
V019,Body Spray amber romance 250ml,70.59,33.0,60.00,VB,Active,,Cuidado personal,Fragancias,18
WA-012,Rasuradora 3 Hojillas Wao azul!,44.94,144.0,40.00,Stay,Active,2029-01-01,Cuidado personal,Rasuradora,12
WA-223,Afeitadora 3 Hojillas morada,37.65,251.0,32.00,Stay,Active,2029-01-01,Cuidado personal,Rasuradora,12
Y3014,Primer Kaliya Beauty Vitamina C,12.94,384.0,11.00,VB,Active,2028-06-01,Maquillaje,Primers de maquillaje,24
Y3015,Primer Kaliya Beauty Unicor,12.94,3136.0,11.00,VB,Active,2028-06-01,Maquillaje,Primers de maquillaje,24
Z204,Primer Kaliya Beauty,12.94,24.0,11.00,VB,Active,2025-03-01,Maquillaje,Primers de maquillaje,24
F001,Base All Hours YvestSaintLaurent,41.18,1132.0,35.00,VB,Active,2026-01-01,Maquillaje,Base de maquillaje,12
M0281,Base Velvet Touch SPF+ 10 Million Pauline,41.18,324.0,35.00,VB,Active,2026-10-01,Maquillaje,Base de maquillaje,12
S6-1140A,Iluminador y bronceador Stay,37.08,48.0,33.00,Stay,Active,2025-07-01,Maquillaje,Iluminadores,24
T51037,Lápiz Labial Top Lady,15.00,2112.0,12.00,VB,Active,2028-06-01,Maquillaje,Labios,24
WHD-A03,Serum Facial de Aloe Vera 30ml,30.59,62.0,26.00,VB,Active,2025-09-01,Cuidado personal,Serum facial,12
161-003,Toallas Humedas 25pcs,16.47,86.0,14.00,VB,Active,2026-07-01,Cuidado personal,Toallas humedas,12
8171,Sombra AnyLady Only You,41.18,1557.0,35.00,VB,Active,2027-06-01,Maquillaje,Sombra,24
8138,Sombra AnyLady Little,35.29,695.0,30.00,VB,Active,2027-06-01,Maquillaje,Sombra,24
ST3351,Base Pro BB Cream Anthaway,12.94,192.0,11.00,VB,Active,2027-12-01,Maquillaje,Base de maquillaje,24
123,Bálsamo Para Labios Cute Fruit,12.94,840.0,11.00,VB,Active,2026-03-01,Maquillaje,Labios,24
161-009,Cosmetiquera,58.82,0.0,50.00,VB,Inactive,2029-01-01,Maquillaje,Cosmetiquera,12
161-008,Rizador De Pestaña Princess Art,25.88,112.0,22.00,VB,Active,2029-01-01,Maquillaje,Encrespador,12
H64026 C,Base Huda Beauty Fauxlens,44.71,516.0,38.00,VB,Active,2028-04-01,Maquillaje,Base de maquillaje,12
S6-1130,Delineador Liquido azul Stay,29.00,141.0,31.00,Stay,Active,2025-03-22,Maquillaje,Delineador,24
ST009,Primer L.A Girl Alta definición,12.94,408.0,11.00,VB,Active,2028-04-01,Maquillaje,Primers de maquillaje,24
WA-047,Sombra para ojos Wao!,40.45,216.0,36.00,Stay,Active,2026-05-01,Maquillaje,Sombra,24
974,Sombra AnyLady Dream Big,47.06,84.0,40.00,VB,Active,2027-05-01,Maquillaje,Sombra,12
8342,Balsamo + Exfoliante Labial,32.94,1.0,28.00,VB,Inactive,,Maquillaje,Labios,24
H7043,Iluminador con Glitter Huda Beauty,25.88,2.0,22.00,VB,Inactive,2028-10-01,Maquillaje,Iluminadores,24
F002,Base Loreal Paris Revital Fit,35.29,837.0,30.00,VB,Active,2026-01-01,Maquillaje,Base de maquillaje,12
6001,Protector Solar,32.94,597.0,28.00,VB,Active,2025-05-01,Cuidado personal,Protector Solar,12
BX3626,Piedra Jade,32.94,1032.0,28.00,VB,Active,2029-01-01,Maquillaje,Piedra Jade,12
BX-3503,Perfiladora De Ceja,16.47,596.0,14.00,VB,Active,2029-01-01,Maquillaje,Perfiladoras,12
M0273,Mascara de Pestañas 7D Million Pauline,24.71,284.0,21.00,VB,Active,2026-06-01,Maquillaje,Mascara,48
GJ7181,Limpiador Facial Retinol 100g,49.41,65.0,42.00,VB,Active,2026-05-01,Maquillaje,Desmaquillante ó Limpiador facial,12
JS-1228,Pegamento para Pestañas,8.24,50.0,7.00,VB,Active,2025-12-01,Maquillaje,Articulos para pestañas,12
DS51994,Contorno De Ojos 25ml,41.18,336.0,35.00,VB,Active,2028-06-01,Maquillaje,Contorno de ojos,24
BX3612,Set De Limpieza Facial,76.47,101.0,65.00,VB,Active,2029-01-01,Maquillaje,Esponjas de maquillaje,6
BX3535,Set De Maquillaje,105.88,16.0,90.00,VB,Active,2026-01-01,Maquillaje,Esponjas de maquillaje,4
8243,Mascara Para Pies,35.29,24.0,30.00,VB,Active,2025-12-01,Maquillaje,Mascara,12
SB802,Rubor Scalon,70.59,167.0,60.00,VB,Active,2028-01-01,Maquillaje,Blusher,12
M23-48,Mascara de Pestañas Sky High,27.06,984.0,23.00,VB,Active,2026-04-01,Maquillaje,Mascara,24
GJ7193,Serum Facial de Acido Hialuronico 40ml,37.65,83.0,32.00,VB,Active,2028-05-01,Cuidado personal,Serum facial,12
9603V,Polvo Compacto + Rubor Viktorisa Sempre,37.65,0.0,32.00,VB,Inactive,2027-12-01,Maquillaje,Polvo compacto,12
VS1712,Polvo Compacto y Bronceador Viktorisa Sempre,37.65,720.0,32.00,VB,Active,2026-01-01,Maquillaje,Polvo compacto,12
8294,Mascara de Pestañas 24H Sky High,18.82,671.0,16.00,VB,Active,2025-12-01,Maquillaje,Mascara,24
2188VS,Polvo Suelto Viktorisa Sempre,29.41,912.0,25.00,VB,Active,2026-12-01,Maquillaje,Polvo compacto,12
SZ-256,Brocha para maquillar 5 Pzas,29.41,67.0,25.00,VB,Active,2029-01-01,Maquillaje,Brochas para maquillar,12
M0195,Primer Million Pauline,40.00,216.0,34.00,VB,Active,2025-11-01,Maquillaje,Primers de maquillaje,12
9206N,Polvo Compacto Note Flash Touch 9206N,21.18,816.0,18.00,VB,Active,2026-01-01,Maquillaje,Polvo compacto,24
BX3600,Pegamento Para Uñas,10.59,492.0,9.00,VB,Active,2025-12-01,Maquillaje,Uñas,12
BX-414,Kit para Uñas 4 Pzs,31.76,119.0,27.00,VB,Active,2029-01-01,Maquillaje,Uñas,12
BX-842,Encrespadora de Pestaña,21.18,848.0,18.00,VB,Active,2029-01-01,Maquillaje,Encrespador,12
68603-47,Corrector Super BB,21.18,360.0,18.00,VB,Active,2028-05-01,Maquillaje,Corrector,24
LC1182,Aceite Labial + Tinte Para Labios,21.18,0.0,18.00,VB,Inactive,2028-06-01,Maquillaje,Labios,24
OLU909-6,Perfume Tubular Vercage,21.18,96.0,18.00,VB,Active,,Cuidado personal,Perfumes,24
OLU909-81,Perfume Tubular Swiss Army,21.18,0.0,18.00,VB,Inactive,,Cuidado personal,Perfumes,24
OLU909-112,Perfume Tubular Mome Blang,21.18,117.0,18.00,VB,Active,,Cuidado personal,Perfumes,24
OLU909-171,Perfume Tubular Invictus V,21.18,24.0,18.00,VB,Active,,Cuidado personal,Perfumes,24
OLU909-91,Perfume Tubular Invictus,21.18,0.0,18.00,VB,Inactive,,Cuidado personal,Perfumes,12
OLU909-50,Perfume Tubular Boos,21.18,0.0,18.00,VB,Inactive,,Cuidado personal,Perfumes,24
OLU909-31,Perfume Tubular Blue De Chenale,21.18,48.0,18.00,VB,Active,,Cuidado personal,Perfumes,24
OLU909-2,Perfume Tubular Billion Men,21.18,0.0,18.00,VB,Inactive,,Cuidado personal,Perfumes,24
OLU909-113,Perfume Tubular 212 Sexy Man,21.18,0.0,18.00,VB,Inactive,,Cuidado personal,Perfumes,24
JM-544,Pestañas Postizas 8mm,23.53,240.0,20.00,VB,Active,2026-01-01,Maquillaje,Articulos para pestañas,12
C013,Esponjas para maquillar Kiss Lovely C013,23.53,12.0,20.00,VB,Active,2029-01-01,Maquillaje,Esponjas de maquillaje,6
T345-24F,Pintura De Uña,12.94,0.0,11.00,VB,Inactive,2028-02-01,Maquillaje,Uñas,24
MM-048,Parche Para Ojos De Colágeno,5.00,9316.0,4.00,VB,Active,2025-08-01,Maquillaje,Parche para ojos,10
BQY74930,Mascarilla Facial Hidratante de Pepino,4.71,10.0,4.00,VB,Inactive,2026-04-01,Cuidado personal,Mascarilla facial,10
SZ-997,Brochas para maquillar 7 Pcs,94.12,376.0,80.00,VB,Active,2029-01-01,Maquillaje,Brochas para maquillar,6
GJ7182,Locion Retinol 100g,58.82,19.0,50.00,VB,Active,2028-05-01,Cuidado personal,Serum facial,12
GJ7194,Locion Acido Hialuronico 100g,52.94,60.0,45.00,VB,Active,2028-05-01,Cuidado personal,Serum facial,12
GJ7186,Contorno De Ojos Retinol 30g,52.94,116.0,45.00,VB,Active,2028-05-01,Maquillaje,Contorno de ojos,12
8158,Sombra AnyLady,44.71,389.0,38.00,VB,Active,2027-05-01,Maquillaje,Sombra,12
GJ7191,Limpiador Facial Acido Hialuronico 100g,47.06,165.0,40.00,VB,Active,2028-05-01,Maquillaje,Desmaquillante ó Limpiador facial,12
FP-3032,Esponja Puff,47.06,24.0,40.00,VB,Active,2029-01-26,Maquillaje,Esponjas de maquillaje,12
GJ7028,Contorno De Ojos 20ml,47.06,168.0,40.00,VB,Active,2028-03-01,Maquillaje,Contorno de ojos,24
SZ-213,Brochas 6 Piezas,47.06,0.0,40.00,VB,Inactive,2029-01-26,Maquillaje,Brochas para maquillar,12
VS8861,Polvo Compacto Viktorisa Sempre,25.88,799.0,22.00,VB,Active,2028-12-01,Maquillaje,Polvo compacto,12
JM4010,Pestañas 3pcs,25.88,0.0,22.00,VB,Inactive,2026-01-01,Maquillaje,Articulos para pestañas,12
LO902,Polvo Suelto Scalon,25.88,11.0,22.00,VB,Active,2027-01-01,Maquillaje,Polvo compacto,12
HCC323,Corrector Y Contorno,25.88,120.0,22.00,VB,Active,2028-08-01,Maquillaje,Corrector,24
LC1147,Aceite Labial + Tinte Para Labios,25.88,24.0,22.00,VB,Active,2028-06-01,Maquillaje,Labios,24
J827,Primer Mattefyng Suncreeen,12.94,480.0,11.00,VB,Active,2025-04-01,Maquillaje,Primers de maquillaje,24
J826,Primer Cubreporos,12.94,624.0,11.00,VB,Active,2025-04-01,Maquillaje,Primers de maquillaje,24
ST3313,Corrector Natural Anthaway,12.94,676.0,11.00,VB,Active,2025-11-01,Maquillaje,Corrector,24
ST3366,Corrector Mate,12.94,816.0,11.00,VB,Active,2028-07-01,Maquillaje,Corrector,24
LC991,Brillo Para Labios 24h,12.94,0.0,11.00,VB,Inactive,2028-06-01,Maquillaje,Labios,24
ST3342,Base Liviana Natural Mate ANTAWAY,12.94,288.0,11.00,VB,Active,2027-03-03,Maquillaje,Base de maquillaje,24
ST3356,Base 36h con Antioxidante Dream Urban Cover Anthaway,12.94,0.0,11.00,VB,Inactive,2027-12-01,Maquillaje,Base de maquillaje,24
878,Sombra AnyLady,28.24,624.0,24.00,VB,Active,2027-05-01,Maquillaje,Sombra,12
9815V,Polvo Compacto 2 en 1 Viktorisa Sempre,28.24,660.0,24.00,VB,Active,2026-12-01,Maquillaje,Polvo compacto,12
9301VS,Rubor Victorisa Sempre,28.24,671.0,24.00,VB,Active,2027-12-01,Maquillaje,Blusher,12
LC607,Brillo para Labios,15.29,1100.0,13.00,VB,Active,2028-07-01,Maquillaje,Labios,24
JM-4119,Pestañas 2pcs 3D,17.65,564.0,15.00,VB,Active,2026-01-01,Maquillaje,Articulos para pestañas,12
36380-47,Labial Matte Karité,17.65,1032.0,15.00,VB,Active,2028-04-01,Maquillaje,Labios,24
LC1141,Tinte Para Labios Ice Cream,14.12,24.0,12.00,VB,Active,2028-05-01,Maquillaje,Labios,24
H211-24B,Pintura De Uñas,14.12,0.0,12.00,VB,Inactive,2028-05-01,Maquillaje,Uñas,24
EB7060,Lápiz Para Cejas,11.76,696.0,10.00,VB,Active,2028-06-01,Maquillaje,Delineador,24
2950-47ABCDEF,Bálsamo Labial de Karité,11.76,288.0,10.00,VB,Active,2028-03-01,Maquillaje,Labios,48
YD612,Delineador Huda ABC WaterProof,14.12,48.0,12.00,VB,Active,2026-01-01,Maquillaje,Delineador,24
MB-022,Lápiz Delineador cafe,14.12,634.0,12.00,VB,Active,2026-01-01,Maquillaje,Delineador,12
1808W,Brocha Individual Shadow Brush,14.12,654.0,12.00,VB,Active,2029-01-01,Maquillaje,Brochas para maquillar,12
21261VS-C,Rubor 2 en 1 Sombra y Rubor,14.12,96.0,12.00,VB,Active,2026-01-01,Maquillaje,Blusher,24
DE8035,Parches Para Ojos,5.88,1278.0,5.00,VB,Active,2028-01-01,Maquillaje,Parche para ojos,10
DE8036,Parches Para Labios,5.88,1358.0,5.00,VB,Active,2028-01-01,Maquillaje,Labios,10
OLU938-3,Perfume 2i2 para hombre 100ml,59.00,0.0,48.00,VB,Inactive,,Cuidado personal,Perfumes,12
7233,Lipgloss Filler Ever Beauty,18.82,2.0,16.00,VB,Inactive,2028-08-01,Maquillaje,Labios,48
7152E,Lapiz Labial Mate,21.18,903.0,18.00,VB,Active,2027-06-01,Maquillaje,Labios,24
161-0462,Base Alta Cobertura Reducción De Poros,21.18,504.0,18.00,VB,Active,2026-08-01,Maquillaje,Base de maquillaje,12
7166E,Labial Ever Beauty,23.53,528.0,20.00,VB,Active,2028-01-01,Maquillaje,Labios,48
56839-03,Gel Para Cejas Invisible,23.53,167.0,20.00,VB,Active,2028-06-01,Maquillaje,Mascara,12
PK145,Corrector Liquido Pink Key,23.53,288.0,20.00,VB,Active,2027-09-01,Maquillaje,Corrector,48
M610,Mascara Para Pestañas,15.29,576.0,13.00,VB,Active,2029-01-26,Maquillaje,Mascara,24
TE836,Iluminador Terra Cotta Scalon,30.59,0.0,26.00,VB,Inactive,2026-01-01,Maquillaje,Iluminadores,12
M2602,Corrector Antiojeras 24h,15.29,648.0,13.00,VB,Active,2026-01-01,Maquillaje,Corrector,24
ST3804,Corrector Alta Cobertura,15.29,408.0,13.00,VB,Active,2028-05-01,Maquillaje,Corrector,24
Y-801,Brillo Labial,14.12,0.0,12.00,VB,Inactive,2026-01-01,Maquillaje,Labios,24
68960-03CN,Protector Solar 90+,35.29,3.0,30.00,VB,Inactive,2028-09-01,Cuidado personal,Protector Solar,12
H96041,Serum Facial Vitamina C 30ml,29.41,92.0,25.00,VB,Active,2028-07-01,Cuidado personal,Serum facial,12
H96040,Serum Facial Aloe Vera 30ml,29.41,169.0,25.00,VB,Active,2028-07-01,Cuidado personal,Serum facial,12
56964-47,Mascara Para Pestañas Transparente,25.88,144.0,22.00,VB,Active,2028-07-01,Maquillaje,Mascara,12
OLU938-1,Perfume Legend para hombre 100ml,59.00,0.0,48.00,VB,Inactive,,Cuidado personal,Perfumes,12
OLU938-18,Perfume Cool Girl 100ml,59.00,0.0,48.00,VB,Inactive,,Cuidado personal,Perfumes,12
OLU938-10,Perfume Bozzs para hombre 100ml,59.00,1.0,48.00,VB,Inactive,,Cuidado personal,Perfumes,12
YMX-1123,Crema Facial de Acido Hialurinico 50g,47.06,40.0,40.00,VB,Active,2027-03-01,Cuidado personal,Crema facial,12
006-X2096,Removedor Corporal de Manchas Naranja XQM 100ml,39.00,645.0,42.00,Mayz,Active,2025-12-01,Cuidado personal,Crema blanqueadora,25
006-X2097,Removedor Corporal Manchas Coconut XQM 100ml,39.00,669.0,42.00,Mayz,Active,2025-12-01,Cuidado personal,Crema blanqueadora,25
006-485512,Crema Corporal Miya Avena 8 Oz,45.00,0.0,42.00,Mayz,Inactive,2024-06-30,Cuidado personal,Crema corporal,24
006-SP404B,Crema Miya Corporal 15ozs Vitamina E,45.00,2265.0,42.00,Mayz,Active,2025-04-01,Cuidado personal,Crema corporal,12
006-SP404A,Crema Miya Corporal 15ozs Aloe Vera,45.00,2223.0,42.00,Mayz,Active,2025-04-28,Cuidado personal,Crema corporal,12
006-485516,Crema Miya Corporal Cocoa 12oz,45.00,441.0,42.00,Mayz,Active,2025-04-01,Cuidado personal,Crema corporal,24
006-485515,Crema corporal Aloe Miya 12 Oz,45.00,86.0,42.00,Mayz,Active,2025-04-01,Cuidado personal,Crema corporal,24
006-003994-2,Champu Sachet Vinilady Brillo Intenso,29.00,0.0,32.00,Mayz,Inactive,2025-02-01,Cuidado personal,Shampoo capilar,12
006-003995-0,Champu Sachet Vinilady Ondas Y Cachos,37.65,1.0,32.00,Mayz,Inactive,2025-01-01,Cuidado personal,Shampoo capilar,12
006-M1648,Mascarilla Hidroplastica Facial Tea Tree 120g,49.00,555.0,44.00,Mayz,Active,2025-12-01,Cuidado personal,Mascarilla facial,48
006-M1647,Mascarilla Hidroplastica Facial de Olivo Skin White 120g,49.00,750.0,44.00,Mayz,Active,2025-12-01,Cuidado personal,Mascarilla facial,48
006-FM08890,Crema para Pies Fasmc 100ml,39.00,253.0,37.00,Mayz,Active,2024-09-01,Cuidado personal,Crema para pies,36
006-01086,Shampoo Olive`n Body 400ml,75.00,12.0,59.00,Mayz,Active,2025-08-01,Cuidado personal,Shampoo capilar,12
046-U218570,Mascarilla Charcoal Beauty Formulas 100ml,65.00,681.0,59.00,Mayz,Active,2025-06-01,Cuidado personal,Mascarilla facial,12
006-WKL52931,Crema Blanqueadora Wokali 100ml,75.00,11.0,69.00,Mayz,Inactive,2024-09-01,Cuidado personal,Crema blanqueadora,36
046-U401240,Tónico Facial Vit C Beauty Formula 150ml,81.18,411.0,69.00,Mayz,Active,2026-01-01,Maquillaje,Tonico facial,6
046-U423020,Limpiador Facial Vit C Beauty Formula 150ml,81.18,156.0,69.00,Mayz,Active,2026-01-01,Maquillaje,Desmaquillante ó Limpiador facial,12
046-U325127,Parches de Gel Para Ojos Carbón Beauty Formula 6UND,78.82,128.0,67.00,Mayz,Active,2025-12-01,Maquillaje,Parche para ojos,6
046-U401232,Crema Facial Hidratante de Dia Vit C Beauty Formulas 100ml,78.82,756.0,67.00,Mayz,Active,2025-12-01,Cuidado personal,Crema facial,12
006-102884-7,Champu Vinilady 325ml Ondas,67.06,3.0,57.00,Mayz,Inactive,,Cuidado personal,Shampoo capilar,12
006-003936-5,Champu Vinilady 325ml Vinilady Natural Relax,59.00,29.0,57.00,Mayz,Active,2025-05-01,Cuidado personal,Shampoo capilar,12
006-000661-0,Champu Vinilady 325ml Liso Intenso,67.06,3.0,57.00,Mayz,Inactive,,Cuidado personal,Shampoo capilar,12
006-000659-9,Champu Vinilady 325ml Vinilady Fuerza Maxima,65.00,7.0,57.00,Mayz,Inactive,2025-02-01,Cuidado personal,Shampoo capilar,12
006-002985-8,Shampoo Anti Caspa Mentol For Men Vinilady 190ml,89.00,45.0,86.00,Mayz,Active,2025-03-01,Cuidado personal,Shampoo capilar,24
006-003015-5,Kit Champu 330ml + Acond 310g Vinilady Forca Maxima,109.00,12.0,102.00,Mayz,Active,2025-03-01,Cuidado personal,Shampoo capilar,6
006-002852-5,Protector Solar Karite & Vitamina E Fps50 Vinilady 120g,189.00,6.0,248.00,Mayz,Active,2024-11-01,Cuidado personal,Protector Solar,12
S17-007,Tratamiento Para Cabello Coco 800g Stay,108.00,1.0,72.00,Stay,Inactive,2026-05-07,Cuidado personal,Tratamientos capilares,18
S17-005,Tratamiento Para Cabello Argan 800g Stay,108.00,18.0,72.00,Stay,Active,2027-10-07,Cuidado personal,Tratamientos capilares,18
S17-009,Tratamiento Para Cabello Aloe Y Keratina 800g Stay,108.00,1.0,71.00,Stay,Inactive,2027-11-30,Cuidado personal,Tratamientos capilares,18
S32-001,Toallas Humedas 30 Hojas Pepino Stay,25.00,0.0,20.00,Stay,Inactive,2026-09-01,Cuidado personal,Toallas humedas,12
S32-1160,Toallas Húmeda 100 Hojas Antibacterial,56.18,83.0,50.00,Stay,Active,2025-12-01,Cuidado personal,Toallas humedas,6
S35-0606,Talco P/Pies 24 Horas,47.19,0.0,42.00,Stay,Inactive,2026-01-01,Cuidado personal,Talco,24
S6-1140B,Sombra 2 En 1 Stay,37.08,312.0,33.00,Stay,Active,2025-07-01,Maquillaje,Sombra,24
WA-035,Shampoo Y Acondicionador Wao 1380 Ml Coco,286.00,24.0,200.00,Stay,Active,2025-10-01,Cuidado personal,Shampoo capilar,6
WA-034,Shampoo Y Acondicionador Wao 1380 Ml Aloe,286.00,57.0,200.00,Stay,Active,2025-10-01,Cuidado personal,Shampoo capilar,6
S17-001,Shampoo Y Acondicionador Caja Oliva Stay,128.00,0.0,89.00,Stay,Inactive,2026-04-01,Cuidado personal,Shampoo capilar,24
S17-023,Shampoo Y Acondicionador Caja Argan,128.00,0.0,89.00,Stay,Inactive,2025-07-01,Cuidado personal,Shampoo capilar,24
S17-019,Shampoo Y Acondicionador 1000 Ml Oliva,215.00,0.0,150.00,Stay,Inactive,2026-02-01,Cuidado personal,Shampoo capilar,8
S17-021,Shampoo Y Acondicionador Keratina 1000ml Stay,215.00,0.0,150.00,Stay,Inactive,2027-11-22,Cuidado personal,Shampoo capilar,8
S17-024,Shampoo Y Acondicionador 1000 Ml Argan,215.00,0.0,150.00,Stay,Inactive,2026-02-01,Cuidado personal,Shampoo capilar,8
S51-0923,Shampoo Ge Niño y Niña 1000ml,149.00,5.0,125.00,Stay,Inactive,,Cuidado personal,Shampoo capilar,8
S23-1345,Shampoo Coco Brillante 500ml,113.00,0.0,79.00,Stay,Inactive,2026-05-01,Cuidado personal,Shampoo capilar,12
S17-1121,Shampoo 1000ml Coconut,95.00,88.0,84.00,Stay,Active,2024-07-01,Cuidado personal,Shampoo capilar,16
WA-218,Rubor WAO!,39.33,48.0,35.00,Stay,Active,2026-04-01,Maquillaje,Blusher,24
WA-221,Mascara de Pestaña Azul WAO! 24H,29.00,120.0,35.00,Stay,Active,2024-03-22,Maquillaje,Mascara,24
S8-1005,Mascara de Pestaña Stay 2 En 1,41.57,575.0,37.00,Stay,Active,2026-12-01,Maquillaje,Mascara,24
S36-001,Puntero Pincel De Uñas 5 Pcs,44.94,300.0,40.00,Stay,Active,2029-01-01,Maquillaje,Uñas,12
S3-011,Protector Solar 50 SPF Stay,72.00,72.0,50.00,Stay,Active,2026-11-30,Cuidado personal,Protector Solar,36
S2-0658,Pinza Para Ceja Muñeca,18.82,1.0,16.00,Stay,Inactive,,Cuidado personal,Crema depiladora,12
S2-0868,Pinza Depiladora para Ceja Stay,19.00,6.0,16.00,Stay,Active,2029-01-01,Cuidado personal,Crema depiladora,12
S2-0511,Pala Y Lima De Pedicure 4 En 1,47.06,3.0,40.00,Stay,Inactive,2029-01-01,Cuidado personal,Pala para pedicure,12
S2-0063,Pala Para Pedicure Plastica,22.35,0.0,19.00,Stay,Inactive,2029-01-01,Cuidado personal,Pala para pedicure,12
S2-0066,Pala Para pies Metalica Stay,20.00,185.0,17.00,Stay,Active,2029-01-01,Cuidado personal,Pala para pedicure,12
S26-004,Navaja De Belleza 2 En 1,22.47,636.0,20.00,Stay,Active,2029-01-01,Cuidado personal,Navaja para barba,12
S40-1021,Mascarilla Hidroplastica Facial de Pepino Stay,59.00,222.0,57.00,Stay,Active,2024-04-01,Cuidado personal,Mascarilla facial,12
S18-002,Mascarilla Facial De Pepino Stay,20.00,438.0,17.00,Stay,Active,2024-07-01,Cuidado personal,Mascarilla facial,10
S18-001,Mascarilla Facial De Aloe Vera Stay,20.00,431.0,17.00,Stay,Active,2024-07-01,Cuidado personal,Mascarilla facial,10
S18-003,Mascarilla Facial De Aguacate Stay,20.00,999.0,17.00,Stay,Active,2024-07-01,Cuidado personal,Mascarilla facial,10
WA-009,Locion Refrescante After Shave P/Hombre 8 Onzas,39.00,2.0,44.00,Stay,Inactive,2023-11-01,Cuidado personal,Barbería,24
S35-008,Locion Corporal Intense 532ml,78.00,0.0,54.00,Stay,Inactive,2026-01-01,Cuidado personal,Crema corporal,12
S35-005,Locion Corporal Aloe Vera 532ml,78.00,81.0,54.00,Stay,Active,2026-01-01,Cuidado personal,Crema corporal,12
S35-023,Limpiador Facial Verde 200ml,63.00,431.0,44.00,Stay,Active,2026-01-01,Maquillaje,Desmaquillante ó Limpiador facial,24
S35-0939,Limpiador Facial Rosado 200ml,63.00,447.0,44.00,Stay,Active,2026-01-01,Maquillaje,Desmaquillante ó Limpiador facial,24
S2-0581,Limpia Cutícula Stay,20.00,84.0,15.00,Stay,Active,2029-01-01,Maquillaje,Uñas,12
S2-0061,Lima Para Uña Stay,11.24,270.0,10.00,Stay,Active,2029-01-01,Cuidado personal,Lima manicure,12
S2-0925,Lima Para Pedicure Azucar,28.09,276.0,25.00,Stay,Active,2029-01-01,Cuidado personal,Lima manicure,12
S2-0771,Lima Para Pedicure Stay,12.00,361.0,10.00,Stay,Active,2029-01-01,Cuidado personal,Lima manicure,12
S33-004,Jabon Para Manos Stay 413ml Mint,44.94,19.0,40.00,Stay,Active,2023-04-01,Cuidado personal,Jabón para manos,12
S33-008,Jabon Para Manos Stay 413ml Apple,44.94,37.0,40.00,Stay,Active,2023-04-01,Cuidado personal,Jabón para manos,12
S27-002,Serum Para Cabello Stay Olive,65.00,0.0,58.00,Stay,Inactive,2025-09-01,Cuidado personal,Serum capilar,12
S11-1066,Formador Barba Stay,20.22,84.0,18.00,Stay,Active,2029-01-01,Cuidado personal,Barbería,12
S23-008,Exfoliante Para Rostro Menta 500ml,162.00,6.0,113.00,Stay,Inactive,2025-01-01,Cuidado personal,Exfoliante corporal,24
S23-1165,Exfoliante Para Rostro Frutos Silvestres 500ml Stay,149.00,6.0,113.00,Stay,Inactive,2025-08-01,Cuidado personal,Exfoliante corporal,24
S23-001,Exfoliante Para Rostro Durazno 500ml,162.00,6.0,113.00,Stay,Inactive,2025-01-01,Cuidado personal,Exfoliante corporal,24
S23-009,Exfoliante Para Rostro Avena Y Miel 500ml Stay,149.00,115.0,113.00,Stay,Active,2025-08-01,Cuidado personal,Exfoliante corporal,24
WA-007,Exfoliante Facial Wao 250ml,66.00,663.0,47.00,Stay,Active,2023-11-01,Cuidado personal,Exfoliante corporal,12
S35-1151,Exfoliante Facial Frutos Silvestres. 6 Oz 170g,66.00,230.0,47.00,Stay,Active,2023-11-01,Cuidado personal,Exfoliante corporal,24
S35-0711,Exfoliante Corporal Mango Y Naranja 532ml,69.00,0.0,47.00,Stay,Inactive,2027-10-01,Cuidado personal,Exfoliante corporal,12
S35-001,Exfoliante Corporal Green Tea 532ml,69.00,1.0,47.00,Stay,Inactive,2026-07-01,Cuidado personal,Exfoliante corporal,12
S35-003,Exfoliante Corporal Cocoa 532ml,69.00,1.0,47.00,Stay,Inactive,2027-12-01,Cuidado personal,Exfoliante corporal,12
S35-0712,Exfoliante Corporal Berry Blast 532ml,69.00,0.0,47.00,Stay,Inactive,2027-10-01,Cuidado personal,Exfoliante corporal,12
S35-002,Exfoliante Corporal Aloe Vera 532ml Stay,69.00,0.0,47.00,Stay,Inactive,2026-07-01,Cuidado personal,Exfoliante corporal,12
S2-0796,Esponja Facial Makeup Puff,25.84,120.0,23.00,Stay,Active,2029-01-01,Maquillaje,Esponjas de maquillaje,12
S2-0361,Esponja Facial Exfoliante Stay,23.60,311.0,21.00,Stay,Active,2029-01-01,Maquillaje,Esponjas de maquillaje,12
S20-10AS,Esmalte Para Uña 4 Tonos Pasteles,19.10,7.0,17.00,Stay,Inactive,,Maquillaje,Uñas,12
S20-05AS,Esmalte Para Uña 12 Colores,19.10,492.0,17.00,Stay,Active,2026-01-01,Maquillaje,Uñas,12
S2-0866,Encrespadora de Pestaña Stay,29.41,225.0,25.00,Stay,Active,2029-01-01,Maquillaje,Encrespador,12
S2-0971,Desmaquillante Facial,66.29,12.0,59.00,Stay,Active,2025-12-01,Maquillaje,Desmaquillante ó Limpiador facial,12
S40-1150,Agua Micelar Desmaquillante Stay,73.00,32.0,62.00,Stay,Active,2026-03-01,Maquillaje,Desmaquillante ó Limpiador facial,24
S6-1362,Delineador 5D Waterprof,43.82,108.0,39.00,Stay,Active,2026-03-22,Maquillaje,Delineador,12
S6-1234,Delineador Lapiz,10.11,1.0,9.00,Stay,Inactive,2028-03-01,Maquillaje,Delineador,48
WA-048,Crema Para Peinar 250ml Romero Wao!,85.00,49.0,66.00,Stay,Active,2025-12-01,Cuidado personal,Crema capilar,48
WA-049,Crema Para Peinar 250ml Coco Wao,85.00,89.0,66.00,Stay,Active,2027-11-15,Cuidado personal,Crema capilar,12
WA-050,Crema Para Peinar 250ml Aloe Wao!,85.00,63.0,66.00,Stay,Active,2026-05-15,Cuidado personal,Crema capilar,12
S23-0538,Crema para Peinar Olive 300ml Stay,97.20,1.0,68.00,Stay,Inactive,2025-12-01,Cuidado personal,Crema capilar,48
S35-015,Crema depiladora de Aloe Vera,72.00,0.0,47.00,Stay,Inactive,2027-10-18,Cuidado personal,Crema depiladora,12
S23-1346,Crema Para Peinar Y Tratamiento Coco 500ml Stay,118.00,141.0,82.00,Stay,Active,2026-03-22,Cuidado personal,Tratamientos capilares,12
S23-1350,Crema para Peinar Y Tratamiento Aloe Vera 500ml,118.00,1.0,82.00,Stay,Inactive,2025-11-01,Cuidado personal,Tratamientos capilares,12
S6-1364,Corrector de color Stay,57.30,120.0,51.00,Stay,Active,2027-03-01,Maquillaje,Corrector,24
S2-0618,Brocha De Barbero,54.12,520.0,46.00,Stay,Active,2029-01-01,Cuidado personal,Brochas barbero,12
S16-002,Base con Vitamina E y SPF 30+,43.82,96.0,39.00,Stay,Active,2026-05-01,Maquillaje,Base de maquillaje,24
A163,Delineador doble a prueba de Agua,24.00,144.0,18.45,BISUTERIA,Active,2025-12-01,Maquillaje,Delineador,48
0457,Base Liquida Acabado Radiante Y Humectante Top Face,12.94,168.0,11.00,VB,Active,2027-08-01,Maquillaje,Base de maquillaje,24
006-485514,Crema corporal Miya 12oz Avena,45.00,139.0,42.00,Mayz,Active,2025-04-30,Cuidado personal,Crema corporal,24
LC911,Bálsamo Para Labios Magic corazón doble,13.00,0.0,11.00,VB,Inactive,2027-11-01,Maquillaje,Labios,12
B853,Perfume Boos The Scent Brown 100ml,89.00,50.0,75.00,VB,Active,,Cuidado personal,Perfumes,12
B0015-BD-1,Body Spray Fly Away 250ml,75.80,0.0,68.25,Ushas,Inactive,2028-12-01,Cuidado personal,Fragancias,12
WA-174,Polvo Compacto WAO!,37.00,264.0,32.00,Stay,Active,2025-12-01,Maquillaje,Polvo compacto,24
ST3311,Corrector Vitality Anthaway,13.00,216.0,11.00,VB,Active,2028-05-13,Maquillaje,Corrector,24
F-A20,Body Victoria's Fleur Face & Love 250ml,76.47,0,65.00,VB,Inactive,,Cuidado personal,Fragancias,12
RC-20,Brochas 5 Piezas,25.88,0,22.00,VB,Inactive,,Maquillaje,Brochas para maquillar,12
B0018-BO,Crema Corporal Le Temps B0018-BO,56.47,0,48.00,VB,Inactive,,Cuidado personal,Crema corporal,12
B0018-MC,Crema Corporal Pink in Sweet Escarchada B0018-MC,56.47,13.0,48.00,VB,Active,,Cuidado personal,Crema corporal,12
DS5264,Crema Facial Hidratante Antiarrugas Y Antiedad Disaar 120g,47.06,0,40.00,VB,Inactive,,Cuidado personal,Crema facial,12
006-002817-7,Crema Para Peinar Coco Nutrición 290gr,67.06,0,57.00,Mayz,Inactive,,Cuidado personal,Crema capilar,24
006-002519-4,Crema Para Peinar Vinilady Brillo Intenso 290gr,67.06,0,57.00,Mayz,Inactive,,Cuidado personal,Crema capilar,24
S8-007,Delineador De Ojos En Gel 24 horas Negro,47.19,0,42.00,Stay,Inactive,,Maquillaje,Delineador,12
S8-007M,Delineador De Ojos En Gel Chocolate y Cafe,42.70,0,42.00,Stay,Inactive,,Maquillaje,Delineador,12
S2-0123,Espejo personal Stay,40.00,0,32.00,Stay,Inactive,,Maquillaje,Espejo,12
006-003767-2,Kit Champu 330ml + Acond 310g Vinilady Boom,120.00,0,102.00,Mayz,Inactive,,Cuidado personal,Shampoo capilar,6
DS5260,Limpiador Facial Limpieza Profunda Acabado Iluminador Disaar 200g,58.82,0,50.00,VB,Inactive,,Maquillaje,Desmaquillante ó Limpiador facial,12
2690702,Parche para Ojos,4.00,0,3.07,BISUTERIA,Inactive,,Maquillaje,Parche para ojos,10
OLU938-15,Perfume Lacoste para mujer 100ml,59.00,0,48.00,VB,Inactive,,Cuidado personal,Perfumes,12
OLU909-32,Perfume Tubular Vercage Eros,21.18,0,18.00,VB,Inactive,,Cuidado personal,Perfumes,24
JM-695,Pestañas 5pcs,35.29,0,30.00,VB,Inactive,,Maquillaje,Articulos para pestañas,12
SC807,Polvo Contorno Scalon Happy,37.65,0,32.00,VB,Inactive,,Maquillaje,Polvo compacto,12
S17-026,Shampoo Y Acondicionador 1000 ML Coco,215.00,27.0,150.00,Stay,Active,,Cuidado personal,Shampoo capilar,8
S17-022,Shampoo Y Acondicionador Caja Keratina,128.00,0,89.00,Stay,Inactive,,Cuidado personal,Shampoo capilar,24
T-70014,Sombra Para Ojos,52.94,0,45.00,VB,Inactive,,Maquillaje,Sombra,12
LC915,Tinte Para Labios Magic conejito cesta,12.94,0,11.00,VB,Inactive,,Maquillaje,Labios,24
LC835,Tinte Para Labios Magic Dear Darling,12.94,0,11.00,VB,Inactive,,Maquillaje,Labios,12
S32-002,Toallas Humedas 30 Hojas Sábila Stay,25.00,0,20.00,Stay,Inactive,,Cuidado personal,Toallas humedas,12
OLU938-23,Perfume King of Seduction,59.00,36.0,48.00,VB,Active,,Cuidado personal,Perfumes,12
OLU938-30,Perfume Disell,59.00,18.0,48.00,VB,Active,,Cuidado personal,Perfumes,12
OLU938-32,Perfume Bozzs para mujer,59.00,0.0,48.00,VB,Inactive,,Cuidado personal,Perfumes,12
OLU938-4,Perfume For Alway,59.00,0.0,48.00,VB,Inactive,,Cuidado personal,Perfumes,12
OLU938-5,Perfume 2i2 VIP Men,59.00,162.0,48.00,VB,Active,,Cuidado personal,Perfumes,12
OLU938-57,Perfume Invictus V,59.00,156.0,48.00,VB,Active,,Cuidado personal,Perfumes,12
B926,Perfume I Can,85.00,12.0,72.00,VB,Active,,Cuidado personal,Perfumes,12
B721-3,Perfume Invictus Negro,109.00,108.0,90.00,VB,Active,,Cuidado personal,Perfumes,12
B721,Perfume Invictus Gris,109.00,108.0,99.00,VB,Active,,Cuidado personal,Perfumes,12
B693,Perfume Giiq,72.00,53.0,68.00,VB,Active,,Cuidado personal,Perfumes,12
B807,Perfume La vida es bella,107.00,0.0,84.00,VB,Inactive,,Cuidado personal,Perfumes,12
B17,Perfume Dolce & Gabbana,135.19,0.0,115.00,VB,Inactive,,Cuidado personal,Perfumes,12
S17-002,Shampoo Y Acondicionador Caja Romero Stay,128.00,0.0,89.00,Stay,Inactive,,Cuidado personal,Shampoo capilar,24
S17-004,Shampoo Y Acondicionador Caja Aloe Vera Stay,128.00,0.0,89.00,Stay,Inactive,,Cuidado personal,Shampoo capilar,24
WA-033,Shampoo Y Acondicionador Wao 1380 Ml Romero,286.00,12.0,200.00,Stay,Active,,Cuidado personal,Shampoo capilar,6
S17-025,Shampoo Y Acondicionador Cola de caballo Romero 1000ml Stay,215.00,12.0,145.00,Stay,Active,,Cuidado personal,Shampoo capilar,8
S17-020,Shampoo Y Acondicionador Aloe Vera 1000ml Stay,215.00,0.0,145.00,Stay,Inactive,,Cuidado personal,Shampoo capilar,8
R182,Balsamo para labios Paleta Romantic,15.00,0.0,11.76,VB,Inactive,,Maquillaje,Labios,24
LG2519,Labial Matte Ushas,25.00,0.0,21.18,VB,Inactive,,Maquillaje,Labios,24
FC647,Iluminador My Custom,52.00,0.0,44.71,VB,Inactive,,Maquillaje,Iluminadores,24
LC1102,Brillo Labial Magic,20.00,0.0,17.00,VB,Inactive,,Maquillaje,Labios,24
M19-50,Delineador fino negro Gala Fever Million Pauline,32.00,0.0,18.00,VB,Inactive,,Maquillaje,Delineador,24
161-SHVD1LTM,Shampoo & Acondicionador Vida 1000ml Menta,279.00,1232.0,115.00,AjSiles,Active,2027-06-24,Cuidado personal,Shampoo capilar,12
161-SHVD500M,Shampoo & Acondicionador Vida 500ml Menta,169.00,2314.0,69.00,AjSiles,Active,2027-06-24,Cuidado personal,Shampoo capilar,12
161-TRVD500M,Tratamiento VIDA 500ml Menta,129.00,746.0,53.00,AjSiles,Active,2027-06-25,Cuidado personal,Tratamientos capilares,48
161-SHVD1LTGR,Shampoo & Acondicionador Vida 1000ml Ginger,279.00,1248.0,115.00,AjSiles,Active,2027-06-25,Cuidado personal,Shampoo capilar,12
161-SHVD500GR,Shampoo & Acondicionador Vida 500ml Ginger,169.00,2324.0,69.00,AjSiles,Active,2027-06-25,Cuidado personal,Shampoo capilar,12
161-TRVD500GR,Tratamiento VIDA 500ml Ginger,129.00,771.0,53.00,AjSiles,Active,2027-06-25,Cuidado personal,Tratamientos capilares,48
161-SHVD1LTARG,Shampoo & Acondicionador Vida 1000ml Argan,279.00,1245.0,115.00,AjSiles,Active,2027-06-25,Cuidado personal,Shampoo capilar,12
161-SHVD500ARG,Shampoo & Acondicionador Vida 500ml Argan,169.00,2324.0,69.00,AjSiles,Active,2027-06-25,Cuidado personal,Shampoo capilar,12
161-TRVD500ARG,Tratamiento VIDA 500ml Argan,129.00,747.0,53.00,AjSiles,Active,2027-06-25,Cuidado personal,Tratamientos capilares,48
161-SHVD1LTKT,Shampoo & Acondicionador Vida 1000ml Keratina,279.00,1244.0,115.00,AjSiles,Active,2027-06-25,Cuidado personal,Shampoo capilar,12
161-SHVD500KT,Shampoo & Acondicionador Vida 500ml Keratina,169.00,2318.0,69.00,AjSiles,Active,2027-06-25,Cuidado personal,Shampoo capilar,12
161-TRVD500KT,Tratamiento VIDA 500ml Keratina,129.00,753.0,53.00,AjSiles,Active,2027-06-25,Cuidado personal,Tratamientos capilares,48
161-SHVDT500CO,Shampoo Tinte VIDA Castaño Oscuro 500ml,129.00,9256.0,53.00,AjSiles,Active,2027-06-25,Cuidado personal,Shampoo capilar,48
161-SHVDT500CN,Shampoo Tinte VIDA Castaño Natural 500ml,129.00,9265.0,53.00,AjSiles,Active,2027-06-25,Cuidado personal,Shampoo capilar,48
161-SHVDT500N,Shampoo Tinte VIDA Negro 500ml,129.00,18935.0,53.00,AjSiles,Active,2027-06-25,Cuidado personal,Shampoo capilar,48
CD2203-15,PERFUME HAYA,75.00,0.0,60.00,VB,Inactive,2029-07-22,Cuidado personal,Perfumes,12
CD2203-11,PERFUME DIMMAH,75.00,12.0,60.00,VB,Inactive,,,,12
CD2203-2,PERFUME AMEERAT AL ARAB,75.00,0.0,60.00,VB,Inactive,,,,12
CD2203-13,PERFUME HEIBAH,75.00,0.0,60.00,VB,Inactive,,,,12
BC9004,PERFUME BLOSSOM CANDY 88,50.00,30.0,40.00,VB,Active,,,,12
BC9007,PERFUME 95,50.00,42.0,40.00,VB,Active,,,,12
BC9002,PERFUME BLOSSOM CANDY 04,50.00,30.0,40.00,VB,Active,,,,12
BC9003,PERFUME BLOSSOM CANDY 92,50.00,18.0,40.00,VB,Active,,,,12
BW1004,PERFUME SPRAY GRAPE,60.00,0.0,48.00,VB,Inactive,,,,18
BW1001,PERFUME SPRAY STRAWBERRY,60.00,0.0,48.00,VB,Inactive,,,,18
BW1007,PERFUME SPRAY PINK CHERRY,60.00,0.0,48.00,VB,Inactive,,,,18
BW1002,PERFUME SPRAY HONEY PEACH,60.00,0.0,48.00,VB,Inactive,,,,18
CD002,PERFUME CARAMELO YOU CRACK,85.00,90.0,68.00,VB,Active,,,,18
CD003,PERFUME CARAMELO SOMEBUNNY,85.00,84.0,68.00,VB,Active,,,,18
CD008,PERFUME CARAMELO ETERNAL SUNFLOWER,85.00,84.0,68.00,VB,Active,,,,18
CD016,PERFUME CARAMELO LOVE,85.00,84.0,68.00,VB,Active,,,,18
29029-47,Balsamo para Labios Karité,15.00,168.0,12.00,VB,Active,2028-12-01,Maquillaje,Labios,24
M-34-C,Lapiz para cejas Miss Demi,15.00,336.0,12.00,VB,Active,,Maquillaje,Articulos para Cejas,48
8035,Balsamo para Labios,9.00,0.0,7.20,VB,Inactive,2028-11-01,Maquillaje,Labios,24
HL5696,Mascara Hold Morning,12.00,240.0,9.60,VB,Active,2028-05-10,Maquillaje,Mascara,24
DR-F2303,Base Dawang Rose,13.00,216.0,10.40,VB,Active,2027-07-01,Maquillaje,Base de maquillaje,24
HB5581,Balsamo Hold Morning,13.00,48.0,10.40,VB,Active,2028-04-10,Maquillaje,Labios,24
HL5636,Brillo para labios Hold Morning,15.00,240.0,12.00,VB,Active,2028-05-01,Maquillaje,Labios,24
HB5598,Balsamo Hold Morning,12.00,144.0,9.60,VB,Active,2028-05-01,Maquillaje,Labios,24
AL010,Lápiz Labial y Brillo Aozy,27.00,168.0,22.40,,Active,2028-04-01,Maquillaje,Labios,24
36597-47,Lapiz Labial Booster Magic Karite,17.00,120.0,14.40,VB,Active,2029-01-01,Maquillaje,Labios,24
L3519,Rubor Liquido Only Beauty,38.00,204.0,32.00,VB,Active,2027-11-01,Maquillaje,Blusher,12
PB3079,Rubor Liquido Pink Key,33.00,144.0,28.00,VB,Active,2028-05-01,Maquillaje,Blusher,24
DO2406,Set de Uñas Pink Key,30.00,98.0,24.00,VB,Active,,Maquillaje,Uñas,12
70959-03,Serum para Labios  Kiss Beauty,21.00,168.0,17.60,VB,Active,2029-05-01,Maquillaje,Labios,24
71071-03B,Agrandador de Labios Kiss Beauty,25.00,144.0,20.80,VB,Active,2028-11-01,Maquillaje,Labios,24
AL016,Brillo Labial Aozy,17.00,96.0,14.40,VB,Active,,Maquillaje,Labios,24
51365-47,Colorante para labios y mejias Karité,33.00,120.0,28.00,VB,Active,2029-06-01,Maquillaje,Labios,24
PK7793,Corrector e Iluminador Pink Key,38.00,192.0,32.00,VB,Active,2028-05-01,Maquillaje,Corrector,24
PK-044,Rubor en crema Pink Key,29.00,242.0,24.00,VB,Active,2029-06-01,Maquillaje,Blusher,24
AL022,Brillo para labios Aozy,19.00,96.0,16.00,VB,Active,2028-04-01,Maquillaje,Labios,24
M-31,Lápiz para cejas Miss Demi,12.00,336.0,9.60,VB,Active,,Maquillaje,Articulos para Cejas,48
M-23,Lapiz para labios Miss Demi,10.00,76.0,8.00,VB,Active,,Maquillaje,Labios,48
M-32,Lapiz para cejas Miss Demi,12.00,480.0,9.60,VB,Active,,Maquillaje,Articulos para Cejas,48
HL5687,Aceite para labios  Hold Morning,15.00,144.0,12.00,VB,Active,2028-05-01,Maquillaje,Labios,24
HL5688,Aceite para labios Hold Morning,15.00,120.0,12.00,VB,Active,2028-08-01,Maquillaje,Labios,24
BBW1006,Body Spray Red Rose,57.00,72.0,48.00,VB,Active,,Cuidado personal,Perfumes,18
BBW1001,Body Spray Strawberry,57.00,42.0,48.00,VB,Active,,Cuidado personal,Perfumes,18
BBW1002,Body Spray Honey Peach,57.00,116.0,48.00,VB,Active,,Cuidado personal,Perfumes,18
BBW1003,Body Spray Hami Melon,57.00,71.0,48.00,VB,Active,,Cuidado personal,Perfumes,18
BBW1004,Body Spray Grape,57.00,46.0,48.00,VB,Active,,Cuidado personal,Perfumes,18
BBW1005,Body Spray Grapefruit,57.00,72.0,48.00,VB,Active,,Cuidado personal,Perfumes,18
BBW1007,Body Spray Pink Cherry,57.00,48.0,48.00,VB,Active,,Cuidado personal,Perfumes,18
BBW1008,Body Spray Green Cactus,57.00,53.0,48.00,VB,Active,,Cuidado personal,Perfumes,18
BBW1009,Body Spray Purple Orchid,57.00,72.0,48.00,VB,Active,,Cuidado personal,Perfumes,18
BBW1010,Body Spray Yellow Daisy,57.00,71.0,48.00,VB,Active,,Cuidado personal,Perfumes,18
